,method,morph_key,equalize,blur,thresh,maxval,blocksize,c,morph_args,offset,key
0_simple,simple,closeOpen,True,True,70,130,25,2,"{'name': 'closeOpen', 'closing_kernel': array([[1, 1, 1, 1, 1, 1, 1]], dtype=uint8), 'opening_kernel': array([[1, 1, 1, 1, 1]], dtype=uint8), 'closing_iterations': 1, 'opening_iterations': 1}",1.0,0_simple
1_simple,simple,closeOpen,True,True,70,255,25,2,"{'name': 'closeOpen', 'closing_kernel': array([[1, 1, 1, 1, 1, 1, 1]], dtype=uint8), 'opening_kernel': array([[1, 1, 1, 1, 1]], dtype=uint8), 'closing_iterations': 1, 'opening_iterations': 1}",1.0,1_simple
2_simple,simple,closeOpen,True,True,80,130,25,2,"{'name': 'closeOpen', 'closing_kernel': array([[1, 1, 1, 1, 1, 1, 1]], dtype=uint8), 'opening_kernel': array([[1, 1, 1, 1, 1]], dtype=uint8), 'closing_iterations': 1, 'opening_iterations': 1}",1.0,2_simple
3_simple,simple,closeOpen,True,True,80,255,25,2,"{'name': 'closeOpen', 'closing_kernel': array([[1, 1, 1, 1, 1, 1, 1]], dtype=uint8), 'opening_kernel': array([[1, 1, 1, 1, 1]], dtype=uint8), 'closing_iterations': 1, 'opening_iterations': 1}",1.0,3_simple
4_simple,simple,closeOpen,True,True,90,130,25,2,"{'name': 'closeOpen', 'closing_kernel': array([[1, 1, 1, 1, 1, 1, 1]], dtype=uint8), 'opening_kernel': array([[1, 1, 1, 1, 1]], dtype=uint8), 'closing_iterations': 1, 'opening_iterations': 1}",1.0,4_simple
5_simple,simple,closeOpen,True,True,90,255,25,2,"{'name': 'closeOpen', 'closing_kernel': array([[1, 1, 1, 1, 1, 1, 1]], dtype=uint8), 'opening_kernel': array([[1, 1, 1, 1, 1]], dtype=uint8), 'closing_iterations': 1, 'opening_iterations': 1}",1.0,5_simple
6_simple,simple,closeOpen,True,True,100,130,25,2,"{'name': 'closeOpen', 'closing_kernel': array([[1, 1, 1, 1, 1, 1, 1]], dtype=uint8), 'opening_kernel': array([[1, 1, 1, 1, 1]], dtype=uint8), 'closing_iterations': 1, 'opening_iterations': 1}",1.0,6_simple
7_simple,simple,closeOpen,True,True,100,255,25,2,"{'name': 'closeOpen', 'closing_kernel': array([[1, 1, 1, 1, 1, 1, 1]], dtype=uint8), 'opening_kernel': array([[1, 1, 1, 1, 1]], dtype=uint8), 'closing_iterations': 1, 'opening_iterations': 1}",1.0,7_simple
8_simple,simple,closeOpen,True,True,110,130,25,2,"{'name': 'closeOpen', 'closing_kernel': array([[1, 1, 1, 1, 1, 1, 1]], dtype=uint8), 'opening_kernel': array([[1, 1, 1, 1, 1]], dtype=uint8), 'closing_iterations': 1, 'opening_iterations': 1}",1.0,8_simple
9_simple,simple,closeOpen,True,True,110,255,25,2,"{'name': 'closeOpen', 'closing_kernel': array([[1, 1, 1, 1, 1, 1, 1]], dtype=uint8), 'opening_kernel': array([[1, 1, 1, 1, 1]], dtype=uint8), 'closing_iterations': 1, 'opening_iterations': 1}",1.0,9_simple
10_simple,simple,closeOpen,True,True,120,130,25,2,"{'name': 'closeOpen', 'closing_kernel': array([[1, 1, 1, 1, 1, 1, 1]], dtype=uint8), 'opening_kernel': array([[1, 1, 1, 1, 1]], dtype=uint8), 'closing_iterations': 1, 'opening_iterations': 1}",1.0,10_simple
11_simple,simple,closeOpen,True,True,120,255,25,2,"{'name': 'closeOpen', 'closing_kernel': array([[1, 1, 1, 1, 1, 1, 1]], dtype=uint8), 'opening_kernel': array([[1, 1, 1, 1, 1]], dtype=uint8), 'closing_iterations': 1, 'opening_iterations': 1}",1.0,11_simple
12_simple,simple,closeOpen,True,False,70,130,25,2,"{'name': 'closeOpen', 'closing_kernel': array([[1, 1, 1, 1, 1, 1, 1]], dtype=uint8), 'opening_kernel': array([[1, 1, 1, 1, 1]], dtype=uint8), 'closing_iterations': 1, 'opening_iterations': 1}",1.0,12_simple
13_simple,simple,closeOpen,True,False,70,255,25,2,"{'name': 'closeOpen', 'closing_kernel': array([[1, 1, 1, 1, 1, 1, 1]], dtype=uint8), 'opening_kernel': array([[1, 1, 1, 1, 1]], dtype=uint8), 'closing_iterations': 1, 'opening_iterations': 1}",1.0,13_simple
14_simple,simple,closeOpen,True,False,80,130,25,2,"{'name': 'closeOpen', 'closing_kernel': array([[1, 1, 1, 1, 1, 1, 1]], dtype=uint8), 'opening_kernel': array([[1, 1, 1, 1, 1]], dtype=uint8), 'closing_iterations': 1, 'opening_iterations': 1}",1.0,14_simple
15_simple,simple,closeOpen,True,False,80,255,25,2,"{'name': 'closeOpen', 'closing_kernel': array([[1, 1, 1, 1, 1, 1, 1]], dtype=uint8), 'opening_kernel': array([[1, 1, 1, 1, 1]], dtype=uint8), 'closing_iterations': 1, 'opening_iterations': 1}",1.0,15_simple
16_simple,simple,closeOpen,True,False,90,130,25,2,"{'name': 'closeOpen', 'closing_kernel': array([[1, 1, 1, 1, 1, 1, 1]], dtype=uint8), 'opening_kernel': array([[1, 1, 1, 1, 1]], dtype=uint8), 'closing_iterations': 1, 'opening_iterations': 1}",1.0,16_simple
17_simple,simple,closeOpen,True,False,90,255,25,2,"{'name': 'closeOpen', 'closing_kernel': array([[1, 1, 1, 1, 1, 1, 1]], dtype=uint8), 'opening_kernel': array([[1, 1, 1, 1, 1]], dtype=uint8), 'closing_iterations': 1, 'opening_iterations': 1}",1.0,17_simple
18_simple,simple,closeOpen,True,False,100,130,25,2,"{'name': 'closeOpen', 'closing_kernel': array([[1, 1, 1, 1, 1, 1, 1]], dtype=uint8), 'opening_kernel': array([[1, 1, 1, 1, 1]], dtype=uint8), 'closing_iterations': 1, 'opening_iterations': 1}",1.0,18_simple
19_simple,simple,closeOpen,True,False,100,255,25,2,"{'name': 'closeOpen', 'closing_kernel': array([[1, 1, 1, 1, 1, 1, 1]], dtype=uint8), 'opening_kernel': array([[1, 1, 1, 1, 1]], dtype=uint8), 'closing_iterations': 1, 'opening_iterations': 1}",1.0,19_simple
20_simple,simple,closeOpen,True,False,110,130,25,2,"{'name': 'closeOpen', 'closing_kernel': array([[1, 1, 1, 1, 1, 1, 1]], dtype=uint8), 'opening_kernel': array([[1, 1, 1, 1, 1]], dtype=uint8), 'closing_iterations': 1, 'opening_iterations': 1}",1.0,20_simple
21_simple,simple,closeOpen,True,False,110,255,25,2,"{'name': 'closeOpen', 'closing_kernel': array([[1, 1, 1, 1, 1, 1, 1]], dtype=uint8), 'opening_kernel': array([[1, 1, 1, 1, 1]], dtype=uint8), 'closing_iterations': 1, 'opening_iterations': 1}",1.0,21_simple
22_simple,simple,closeOpen,True,False,120,130,25,2,"{'name': 'closeOpen', 'closing_kernel': array([[1, 1, 1, 1, 1, 1, 1]], dtype=uint8), 'opening_kernel': array([[1, 1, 1, 1, 1]], dtype=uint8), 'closing_iterations': 1, 'opening_iterations': 1}",1.0,22_simple
23_simple,simple,closeOpen,True,False,120,255,25,2,"{'name': 'closeOpen', 'closing_kernel': array([[1, 1, 1, 1, 1, 1, 1]], dtype=uint8), 'opening_kernel': array([[1, 1, 1, 1, 1]], dtype=uint8), 'closing_iterations': 1, 'opening_iterations': 1}",1.0,23_simple
24_simple,simple,closeOpen,False,True,70,130,25,2,"{'name': 'closeOpen', 'closing_kernel': array([[1, 1, 1, 1, 1, 1, 1]], dtype=uint8), 'opening_kernel': array([[1, 1, 1, 1, 1]], dtype=uint8), 'closing_iterations': 1, 'opening_iterations': 1}",1.0,24_simple
25_simple,simple,closeOpen,False,True,70,255,25,2,"{'name': 'closeOpen', 'closing_kernel': array([[1, 1, 1, 1, 1, 1, 1]], dtype=uint8), 'opening_kernel': array([[1, 1, 1, 1, 1]], dtype=uint8), 'closing_iterations': 1, 'opening_iterations': 1}",1.0,25_simple
26_simple,simple,closeOpen,False,True,80,130,25,2,"{'name': 'closeOpen', 'closing_kernel': array([[1, 1, 1, 1, 1, 1, 1]], dtype=uint8), 'opening_kernel': array([[1, 1, 1, 1, 1]], dtype=uint8), 'closing_iterations': 1, 'opening_iterations': 1}",1.0,26_simple
27_simple,simple,closeOpen,False,True,80,255,25,2,"{'name': 'closeOpen', 'closing_kernel': array([[1, 1, 1, 1, 1, 1, 1]], dtype=uint8), 'opening_kernel': array([[1, 1, 1, 1, 1]], dtype=uint8), 'closing_iterations': 1, 'opening_iterations': 1}",1.0,27_simple
28_simple,simple,closeOpen,False,True,90,130,25,2,"{'name': 'closeOpen', 'closing_kernel': array([[1, 1, 1, 1, 1, 1, 1]], dtype=uint8), 'opening_kernel': array([[1, 1, 1, 1, 1]], dtype=uint8), 'closing_iterations': 1, 'opening_iterations': 1}",1.0,28_simple
29_simple,simple,closeOpen,False,True,90,255,25,2,"{'name': 'closeOpen', 'closing_kernel': array([[1, 1, 1, 1, 1, 1, 1]], dtype=uint8), 'opening_kernel': array([[1, 1, 1, 1, 1]], dtype=uint8), 'closing_iterations': 1, 'opening_iterations': 1}",1.0,29_simple
30_simple,simple,closeOpen,False,True,100,130,25,2,"{'name': 'closeOpen', 'closing_kernel': array([[1, 1, 1, 1, 1, 1, 1]], dtype=uint8), 'opening_kernel': array([[1, 1, 1, 1, 1]], dtype=uint8), 'closing_iterations': 1, 'opening_iterations': 1}",1.0,30_simple
31_simple,simple,closeOpen,False,True,100,255,25,2,"{'name': 'closeOpen', 'closing_kernel': array([[1, 1, 1, 1, 1, 1, 1]], dtype=uint8), 'opening_kernel': array([[1, 1, 1, 1, 1]], dtype=uint8), 'closing_iterations': 1, 'opening_iterations': 1}",1.0,31_simple
32_simple,simple,closeOpen,False,True,110,130,25,2,"{'name': 'closeOpen', 'closing_kernel': array([[1, 1, 1, 1, 1, 1, 1]], dtype=uint8), 'opening_kernel': array([[1, 1, 1, 1, 1]], dtype=uint8), 'closing_iterations': 1, 'opening_iterations': 1}",1.0,32_simple
33_simple,simple,closeOpen,False,True,110,255,25,2,"{'name': 'closeOpen', 'closing_kernel': array([[1, 1, 1, 1, 1, 1, 1]], dtype=uint8), 'opening_kernel': array([[1, 1, 1, 1, 1]], dtype=uint8), 'closing_iterations': 1, 'opening_iterations': 1}",1.0,33_simple
34_simple,simple,closeOpen,False,True,120,130,25,2,"{'name': 'closeOpen', 'closing_kernel': array([[1, 1, 1, 1, 1, 1, 1]], dtype=uint8), 'opening_kernel': array([[1, 1, 1, 1, 1]], dtype=uint8), 'closing_iterations': 1, 'opening_iterations': 1}",1.0,34_simple
35_simple,simple,closeOpen,False,True,120,255,25,2,"{'name': 'closeOpen', 'closing_kernel': array([[1, 1, 1, 1, 1, 1, 1]], dtype=uint8), 'opening_kernel': array([[1, 1, 1, 1, 1]], dtype=uint8), 'closing_iterations': 1, 'opening_iterations': 1}",1.0,35_simple
36_simple,simple,closeOpen,False,False,70,130,25,2,"{'name': 'closeOpen', 'closing_kernel': array([[1, 1, 1, 1, 1, 1, 1]], dtype=uint8), 'opening_kernel': array([[1, 1, 1, 1, 1]], dtype=uint8), 'closing_iterations': 1, 'opening_iterations': 1}",1.0,36_simple
37_simple,simple,closeOpen,False,False,70,255,25,2,"{'name': 'closeOpen', 'closing_kernel': array([[1, 1, 1, 1, 1, 1, 1]], dtype=uint8), 'opening_kernel': array([[1, 1, 1, 1, 1]], dtype=uint8), 'closing_iterations': 1, 'opening_iterations': 1}",1.0,37_simple
38_simple,simple,closeOpen,False,False,80,130,25,2,"{'name': 'closeOpen', 'closing_kernel': array([[1, 1, 1, 1, 1, 1, 1]], dtype=uint8), 'opening_kernel': array([[1, 1, 1, 1, 1]], dtype=uint8), 'closing_iterations': 1, 'opening_iterations': 1}",1.0,38_simple
39_simple,simple,closeOpen,False,False,80,255,25,2,"{'name': 'closeOpen', 'closing_kernel': array([[1, 1, 1, 1, 1, 1, 1]], dtype=uint8), 'opening_kernel': array([[1, 1, 1, 1, 1]], dtype=uint8), 'closing_iterations': 1, 'opening_iterations': 1}",1.0,39_simple
40_simple,simple,closeOpen,False,False,90,130,25,2,"{'name': 'closeOpen', 'closing_kernel': array([[1, 1, 1, 1, 1, 1, 1]], dtype=uint8), 'opening_kernel': array([[1, 1, 1, 1, 1]], dtype=uint8), 'closing_iterations': 1, 'opening_iterations': 1}",1.0,40_simple
41_simple,simple,closeOpen,False,False,90,255,25,2,"{'name': 'closeOpen', 'closing_kernel': array([[1, 1, 1, 1, 1, 1, 1]], dtype=uint8), 'opening_kernel': array([[1, 1, 1, 1, 1]], dtype=uint8), 'closing_iterations': 1, 'opening_iterations': 1}",1.0,41_simple
42_simple,simple,closeOpen,False,False,100,130,25,2,"{'name': 'closeOpen', 'closing_kernel': array([[1, 1, 1, 1, 1, 1, 1]], dtype=uint8), 'opening_kernel': array([[1, 1, 1, 1, 1]], dtype=uint8), 'closing_iterations': 1, 'opening_iterations': 1}",1.0,42_simple
43_simple,simple,closeOpen,False,False,100,255,25,2,"{'name': 'closeOpen', 'closing_kernel': array([[1, 1, 1, 1, 1, 1, 1]], dtype=uint8), 'opening_kernel': array([[1, 1, 1, 1, 1]], dtype=uint8), 'closing_iterations': 1, 'opening_iterations': 1}",1.0,43_simple
44_simple,simple,closeOpen,False,False,110,130,25,2,"{'name': 'closeOpen', 'closing_kernel': array([[1, 1, 1, 1, 1, 1, 1]], dtype=uint8), 'opening_kernel': array([[1, 1, 1, 1, 1]], dtype=uint8), 'closing_iterations': 1, 'opening_iterations': 1}",1.0,44_simple
45_simple,simple,closeOpen,False,False,110,255,25,2,"{'name': 'closeOpen', 'closing_kernel': array([[1, 1, 1, 1, 1, 1, 1]], dtype=uint8), 'opening_kernel': array([[1, 1, 1, 1, 1]], dtype=uint8), 'closing_iterations': 1, 'opening_iterations': 1}",1.0,45_simple
46_simple,simple,closeOpen,False,False,120,130,25,2,"{'name': 'closeOpen', 'closing_kernel': array([[1, 1, 1, 1, 1, 1, 1]], dtype=uint8), 'opening_kernel': array([[1, 1, 1, 1, 1]], dtype=uint8), 'closing_iterations': 1, 'opening_iterations': 1}",1.0,46_simple
47_simple,simple,closeOpen,False,False,120,255,25,2,"{'name': 'closeOpen', 'closing_kernel': array([[1, 1, 1, 1, 1, 1, 1]], dtype=uint8), 'opening_kernel': array([[1, 1, 1, 1, 1]], dtype=uint8), 'closing_iterations': 1, 'opening_iterations': 1}",1.0,47_simple
48_trunc,trunc,closeOpen,True,True,70,130,25,2,"{'name': 'closeOpen', 'closing_kernel': array([[1, 1, 1, 1, 1, 1, 1]], dtype=uint8), 'opening_kernel': array([[1, 1, 1, 1, 1]], dtype=uint8), 'closing_iterations': 1, 'opening_iterations': 1}",1.0,48_trunc
49_trunc,trunc,closeOpen,True,True,70,255,25,2,"{'name': 'closeOpen', 'closing_kernel': array([[1, 1, 1, 1, 1, 1, 1]], dtype=uint8), 'opening_kernel': array([[1, 1, 1, 1, 1]], dtype=uint8), 'closing_iterations': 1, 'opening_iterations': 1}",1.0,49_trunc
50_trunc,trunc,closeOpen,True,True,80,130,25,2,"{'name': 'closeOpen', 'closing_kernel': array([[1, 1, 1, 1, 1, 1, 1]], dtype=uint8), 'opening_kernel': array([[1, 1, 1, 1, 1]], dtype=uint8), 'closing_iterations': 1, 'opening_iterations': 1}",1.0,50_trunc
51_trunc,trunc,closeOpen,True,True,80,255,25,2,"{'name': 'closeOpen', 'closing_kernel': array([[1, 1, 1, 1, 1, 1, 1]], dtype=uint8), 'opening_kernel': array([[1, 1, 1, 1, 1]], dtype=uint8), 'closing_iterations': 1, 'opening_iterations': 1}",1.0,51_trunc
52_trunc,trunc,closeOpen,True,True,90,130,25,2,"{'name': 'closeOpen', 'closing_kernel': array([[1, 1, 1, 1, 1, 1, 1]], dtype=uint8), 'opening_kernel': array([[1, 1, 1, 1, 1]], dtype=uint8), 'closing_iterations': 1, 'opening_iterations': 1}",1.0,52_trunc
53_trunc,trunc,closeOpen,True,True,90,255,25,2,"{'name': 'closeOpen', 'closing_kernel': array([[1, 1, 1, 1, 1, 1, 1]], dtype=uint8), 'opening_kernel': array([[1, 1, 1, 1, 1]], dtype=uint8), 'closing_iterations': 1, 'opening_iterations': 1}",1.0,53_trunc
54_trunc,trunc,closeOpen,True,True,100,130,25,2,"{'name': 'closeOpen', 'closing_kernel': array([[1, 1, 1, 1, 1, 1, 1]], dtype=uint8), 'opening_kernel': array([[1, 1, 1, 1, 1]], dtype=uint8), 'closing_iterations': 1, 'opening_iterations': 1}",1.0,54_trunc
55_trunc,trunc,closeOpen,True,True,100,255,25,2,"{'name': 'closeOpen', 'closing_kernel': array([[1, 1, 1, 1, 1, 1, 1]], dtype=uint8), 'opening_kernel': array([[1, 1, 1, 1, 1]], dtype=uint8), 'closing_iterations': 1, 'opening_iterations': 1}",1.0,55_trunc
56_trunc,trunc,closeOpen,True,True,110,130,25,2,"{'name': 'closeOpen', 'closing_kernel': array([[1, 1, 1, 1, 1, 1, 1]], dtype=uint8), 'opening_kernel': array([[1, 1, 1, 1, 1]], dtype=uint8), 'closing_iterations': 1, 'opening_iterations': 1}",1.0,56_trunc
57_trunc,trunc,closeOpen,True,True,110,255,25,2,"{'name': 'closeOpen', 'closing_kernel': array([[1, 1, 1, 1, 1, 1, 1]], dtype=uint8), 'opening_kernel': array([[1, 1, 1, 1, 1]], dtype=uint8), 'closing_iterations': 1, 'opening_iterations': 1}",1.0,57_trunc
58_trunc,trunc,closeOpen,True,True,120,130,25,2,"{'name': 'closeOpen', 'closing_kernel': array([[1, 1, 1, 1, 1, 1, 1]], dtype=uint8), 'opening_kernel': array([[1, 1, 1, 1, 1]], dtype=uint8), 'closing_iterations': 1, 'opening_iterations': 1}",1.0,58_trunc
59_trunc,trunc,closeOpen,True,True,120,255,25,2,"{'name': 'closeOpen', 'closing_kernel': array([[1, 1, 1, 1, 1, 1, 1]], dtype=uint8), 'opening_kernel': array([[1, 1, 1, 1, 1]], dtype=uint8), 'closing_iterations': 1, 'opening_iterations': 1}",1.0,59_trunc
60_trunc,trunc,closeOpen,True,False,70,130,25,2,"{'name': 'closeOpen', 'closing_kernel': array([[1, 1, 1, 1, 1, 1, 1]], dtype=uint8), 'opening_kernel': array([[1, 1, 1, 1, 1]], dtype=uint8), 'closing_iterations': 1, 'opening_iterations': 1}",1.0,60_trunc
61_trunc,trunc,closeOpen,True,False,70,255,25,2,"{'name': 'closeOpen', 'closing_kernel': array([[1, 1, 1, 1, 1, 1, 1]], dtype=uint8), 'opening_kernel': array([[1, 1, 1, 1, 1]], dtype=uint8), 'closing_iterations': 1, 'opening_iterations': 1}",1.0,61_trunc
62_trunc,trunc,closeOpen,True,False,80,130,25,2,"{'name': 'closeOpen', 'closing_kernel': array([[1, 1, 1, 1, 1, 1, 1]], dtype=uint8), 'opening_kernel': array([[1, 1, 1, 1, 1]], dtype=uint8), 'closing_iterations': 1, 'opening_iterations': 1}",1.0,62_trunc
63_trunc,trunc,closeOpen,True,False,80,255,25,2,"{'name': 'closeOpen', 'closing_kernel': array([[1, 1, 1, 1, 1, 1, 1]], dtype=uint8), 'opening_kernel': array([[1, 1, 1, 1, 1]], dtype=uint8), 'closing_iterations': 1, 'opening_iterations': 1}",1.0,63_trunc
64_trunc,trunc,closeOpen,True,False,90,130,25,2,"{'name': 'closeOpen', 'closing_kernel': array([[1, 1, 1, 1, 1, 1, 1]], dtype=uint8), 'opening_kernel': array([[1, 1, 1, 1, 1]], dtype=uint8), 'closing_iterations': 1, 'opening_iterations': 1}",1.0,64_trunc
65_trunc,trunc,closeOpen,True,False,90,255,25,2,"{'name': 'closeOpen', 'closing_kernel': array([[1, 1, 1, 1, 1, 1, 1]], dtype=uint8), 'opening_kernel': array([[1, 1, 1, 1, 1]], dtype=uint8), 'closing_iterations': 1, 'opening_iterations': 1}",1.0,65_trunc
66_trunc,trunc,closeOpen,True,False,100,130,25,2,"{'name': 'closeOpen', 'closing_kernel': array([[1, 1, 1, 1, 1, 1, 1]], dtype=uint8), 'opening_kernel': array([[1, 1, 1, 1, 1]], dtype=uint8), 'closing_iterations': 1, 'opening_iterations': 1}",1.0,66_trunc
67_trunc,trunc,closeOpen,True,False,100,255,25,2,"{'name': 'closeOpen', 'closing_kernel': array([[1, 1, 1, 1, 1, 1, 1]], dtype=uint8), 'opening_kernel': array([[1, 1, 1, 1, 1]], dtype=uint8), 'closing_iterations': 1, 'opening_iterations': 1}",1.0,67_trunc
68_trunc,trunc,closeOpen,True,False,110,130,25,2,"{'name': 'closeOpen', 'closing_kernel': array([[1, 1, 1, 1, 1, 1, 1]], dtype=uint8), 'opening_kernel': array([[1, 1, 1, 1, 1]], dtype=uint8), 'closing_iterations': 1, 'opening_iterations': 1}",1.0,68_trunc
69_trunc,trunc,closeOpen,True,False,110,255,25,2,"{'name': 'closeOpen', 'closing_kernel': array([[1, 1, 1, 1, 1, 1, 1]], dtype=uint8), 'opening_kernel': array([[1, 1, 1, 1, 1]], dtype=uint8), 'closing_iterations': 1, 'opening_iterations': 1}",1.0,69_trunc
70_trunc,trunc,closeOpen,True,False,120,130,25,2,"{'name': 'closeOpen', 'closing_kernel': array([[1, 1, 1, 1, 1, 1, 1]], dtype=uint8), 'opening_kernel': array([[1, 1, 1, 1, 1]], dtype=uint8), 'closing_iterations': 1, 'opening_iterations': 1}",1.0,70_trunc
71_trunc,trunc,closeOpen,True,False,120,255,25,2,"{'name': 'closeOpen', 'closing_kernel': array([[1, 1, 1, 1, 1, 1, 1]], dtype=uint8), 'opening_kernel': array([[1, 1, 1, 1, 1]], dtype=uint8), 'closing_iterations': 1, 'opening_iterations': 1}",1.0,71_trunc
72_trunc,trunc,closeOpen,False,True,70,130,25,2,"{'name': 'closeOpen', 'closing_kernel': array([[1, 1, 1, 1, 1, 1, 1]], dtype=uint8), 'opening_kernel': array([[1, 1, 1, 1, 1]], dtype=uint8), 'closing_iterations': 1, 'opening_iterations': 1}",1.0,72_trunc
73_trunc,trunc,closeOpen,False,True,70,255,25,2,"{'name': 'closeOpen', 'closing_kernel': array([[1, 1, 1, 1, 1, 1, 1]], dtype=uint8), 'opening_kernel': array([[1, 1, 1, 1, 1]], dtype=uint8), 'closing_iterations': 1, 'opening_iterations': 1}",1.0,73_trunc
74_trunc,trunc,closeOpen,False,True,80,130,25,2,"{'name': 'closeOpen', 'closing_kernel': array([[1, 1, 1, 1, 1, 1, 1]], dtype=uint8), 'opening_kernel': array([[1, 1, 1, 1, 1]], dtype=uint8), 'closing_iterations': 1, 'opening_iterations': 1}",1.0,74_trunc
75_trunc,trunc,closeOpen,False,True,80,255,25,2,"{'name': 'closeOpen', 'closing_kernel': array([[1, 1, 1, 1, 1, 1, 1]], dtype=uint8), 'opening_kernel': array([[1, 1, 1, 1, 1]], dtype=uint8), 'closing_iterations': 1, 'opening_iterations': 1}",1.0,75_trunc
76_trunc,trunc,closeOpen,False,True,90,130,25,2,"{'name': 'closeOpen', 'closing_kernel': array([[1, 1, 1, 1, 1, 1, 1]], dtype=uint8), 'opening_kernel': array([[1, 1, 1, 1, 1]], dtype=uint8), 'closing_iterations': 1, 'opening_iterations': 1}",1.0,76_trunc
77_trunc,trunc,closeOpen,False,True,90,255,25,2,"{'name': 'closeOpen', 'closing_kernel': array([[1, 1, 1, 1, 1, 1, 1]], dtype=uint8), 'opening_kernel': array([[1, 1, 1, 1, 1]], dtype=uint8), 'closing_iterations': 1, 'opening_iterations': 1}",1.0,77_trunc
78_trunc,trunc,closeOpen,False,True,100,130,25,2,"{'name': 'closeOpen', 'closing_kernel': array([[1, 1, 1, 1, 1, 1, 1]], dtype=uint8), 'opening_kernel': array([[1, 1, 1, 1, 1]], dtype=uint8), 'closing_iterations': 1, 'opening_iterations': 1}",1.0,78_trunc
79_trunc,trunc,closeOpen,False,True,100,255,25,2,"{'name': 'closeOpen', 'closing_kernel': array([[1, 1, 1, 1, 1, 1, 1]], dtype=uint8), 'opening_kernel': array([[1, 1, 1, 1, 1]], dtype=uint8), 'closing_iterations': 1, 'opening_iterations': 1}",1.0,79_trunc
80_trunc,trunc,closeOpen,False,True,110,130,25,2,"{'name': 'closeOpen', 'closing_kernel': array([[1, 1, 1, 1, 1, 1, 1]], dtype=uint8), 'opening_kernel': array([[1, 1, 1, 1, 1]], dtype=uint8), 'closing_iterations': 1, 'opening_iterations': 1}",1.0,80_trunc
81_trunc,trunc,closeOpen,False,True,110,255,25,2,"{'name': 'closeOpen', 'closing_kernel': array([[1, 1, 1, 1, 1, 1, 1]], dtype=uint8), 'opening_kernel': array([[1, 1, 1, 1, 1]], dtype=uint8), 'closing_iterations': 1, 'opening_iterations': 1}",1.0,81_trunc
82_trunc,trunc,closeOpen,False,True,120,130,25,2,"{'name': 'closeOpen', 'closing_kernel': array([[1, 1, 1, 1, 1, 1, 1]], dtype=uint8), 'opening_kernel': array([[1, 1, 1, 1, 1]], dtype=uint8), 'closing_iterations': 1, 'opening_iterations': 1}",1.0,82_trunc
83_trunc,trunc,closeOpen,False,True,120,255,25,2,"{'name': 'closeOpen', 'closing_kernel': array([[1, 1, 1, 1, 1, 1, 1]], dtype=uint8), 'opening_kernel': array([[1, 1, 1, 1, 1]], dtype=uint8), 'closing_iterations': 1, 'opening_iterations': 1}",1.0,83_trunc
84_trunc,trunc,closeOpen,False,False,70,130,25,2,"{'name': 'closeOpen', 'closing_kernel': array([[1, 1, 1, 1, 1, 1, 1]], dtype=uint8), 'opening_kernel': array([[1, 1, 1, 1, 1]], dtype=uint8), 'closing_iterations': 1, 'opening_iterations': 1}",1.0,84_trunc
85_trunc,trunc,closeOpen,False,False,70,255,25,2,"{'name': 'closeOpen', 'closing_kernel': array([[1, 1, 1, 1, 1, 1, 1]], dtype=uint8), 'opening_kernel': array([[1, 1, 1, 1, 1]], dtype=uint8), 'closing_iterations': 1, 'opening_iterations': 1}",1.0,85_trunc
86_trunc,trunc,closeOpen,False,False,80,130,25,2,"{'name': 'closeOpen', 'closing_kernel': array([[1, 1, 1, 1, 1, 1, 1]], dtype=uint8), 'opening_kernel': array([[1, 1, 1, 1, 1]], dtype=uint8), 'closing_iterations': 1, 'opening_iterations': 1}",1.0,86_trunc
87_trunc,trunc,closeOpen,False,False,80,255,25,2,"{'name': 'closeOpen', 'closing_kernel': array([[1, 1, 1, 1, 1, 1, 1]], dtype=uint8), 'opening_kernel': array([[1, 1, 1, 1, 1]], dtype=uint8), 'closing_iterations': 1, 'opening_iterations': 1}",1.0,87_trunc
88_trunc,trunc,closeOpen,False,False,90,130,25,2,"{'name': 'closeOpen', 'closing_kernel': array([[1, 1, 1, 1, 1, 1, 1]], dtype=uint8), 'opening_kernel': array([[1, 1, 1, 1, 1]], dtype=uint8), 'closing_iterations': 1, 'opening_iterations': 1}",1.0,88_trunc
89_trunc,trunc,closeOpen,False,False,90,255,25,2,"{'name': 'closeOpen', 'closing_kernel': array([[1, 1, 1, 1, 1, 1, 1]], dtype=uint8), 'opening_kernel': array([[1, 1, 1, 1, 1]], dtype=uint8), 'closing_iterations': 1, 'opening_iterations': 1}",1.0,89_trunc
90_trunc,trunc,closeOpen,False,False,100,130,25,2,"{'name': 'closeOpen', 'closing_kernel': array([[1, 1, 1, 1, 1, 1, 1]], dtype=uint8), 'opening_kernel': array([[1, 1, 1, 1, 1]], dtype=uint8), 'closing_iterations': 1, 'opening_iterations': 1}",1.0,90_trunc
91_trunc,trunc,closeOpen,False,False,100,255,25,2,"{'name': 'closeOpen', 'closing_kernel': array([[1, 1, 1, 1, 1, 1, 1]], dtype=uint8), 'opening_kernel': array([[1, 1, 1, 1, 1]], dtype=uint8), 'closing_iterations': 1, 'opening_iterations': 1}",1.0,91_trunc
92_trunc,trunc,closeOpen,False,False,110,130,25,2,"{'name': 'closeOpen', 'closing_kernel': array([[1, 1, 1, 1, 1, 1, 1]], dtype=uint8), 'opening_kernel': array([[1, 1, 1, 1, 1]], dtype=uint8), 'closing_iterations': 1, 'opening_iterations': 1}",1.0,92_trunc
93_trunc,trunc,closeOpen,False,False,110,255,25,2,"{'name': 'closeOpen', 'closing_kernel': array([[1, 1, 1, 1, 1, 1, 1]], dtype=uint8), 'opening_kernel': array([[1, 1, 1, 1, 1]], dtype=uint8), 'closing_iterations': 1, 'opening_iterations': 1}",1.0,93_trunc
94_trunc,trunc,closeOpen,False,False,120,130,25,2,"{'name': 'closeOpen', 'closing_kernel': array([[1, 1, 1, 1, 1, 1, 1]], dtype=uint8), 'opening_kernel': array([[1, 1, 1, 1, 1]], dtype=uint8), 'closing_iterations': 1, 'opening_iterations': 1}",1.0,94_trunc
95_trunc,trunc,closeOpen,False,False,120,255,25,2,"{'name': 'closeOpen', 'closing_kernel': array([[1, 1, 1, 1, 1, 1, 1]], dtype=uint8), 'opening_kernel': array([[1, 1, 1, 1, 1]], dtype=uint8), 'closing_iterations': 1, 'opening_iterations': 1}",1.0,95_trunc
96_tozero,tozero,closeOpen,True,True,70,130,25,2,"{'name': 'closeOpen', 'closing_kernel': array([[1, 1, 1, 1, 1, 1, 1]], dtype=uint8), 'opening_kernel': array([[1, 1, 1, 1, 1]], dtype=uint8), 'closing_iterations': 1, 'opening_iterations': 1}",1.0,96_tozero
97_tozero,tozero,closeOpen,True,True,70,255,25,2,"{'name': 'closeOpen', 'closing_kernel': array([[1, 1, 1, 1, 1, 1, 1]], dtype=uint8), 'opening_kernel': array([[1, 1, 1, 1, 1]], dtype=uint8), 'closing_iterations': 1, 'opening_iterations': 1}",1.0,97_tozero
98_tozero,tozero,closeOpen,True,True,80,130,25,2,"{'name': 'closeOpen', 'closing_kernel': array([[1, 1, 1, 1, 1, 1, 1]], dtype=uint8), 'opening_kernel': array([[1, 1, 1, 1, 1]], dtype=uint8), 'closing_iterations': 1, 'opening_iterations': 1}",1.0,98_tozero
99_tozero,tozero,closeOpen,True,True,80,255,25,2,"{'name': 'closeOpen', 'closing_kernel': array([[1, 1, 1, 1, 1, 1, 1]], dtype=uint8), 'opening_kernel': array([[1, 1, 1, 1, 1]], dtype=uint8), 'closing_iterations': 1, 'opening_iterations': 1}",1.0,99_tozero
100_tozero,tozero,closeOpen,True,True,90,130,25,2,"{'name': 'closeOpen', 'closing_kernel': array([[1, 1, 1, 1, 1, 1, 1]], dtype=uint8), 'opening_kernel': array([[1, 1, 1, 1, 1]], dtype=uint8), 'closing_iterations': 1, 'opening_iterations': 1}",1.0,100_tozero
101_tozero,tozero,closeOpen,True,True,90,255,25,2,"{'name': 'closeOpen', 'closing_kernel': array([[1, 1, 1, 1, 1, 1, 1]], dtype=uint8), 'opening_kernel': array([[1, 1, 1, 1, 1]], dtype=uint8), 'closing_iterations': 1, 'opening_iterations': 1}",1.0,101_tozero
102_tozero,tozero,closeOpen,True,True,100,130,25,2,"{'name': 'closeOpen', 'closing_kernel': array([[1, 1, 1, 1, 1, 1, 1]], dtype=uint8), 'opening_kernel': array([[1, 1, 1, 1, 1]], dtype=uint8), 'closing_iterations': 1, 'opening_iterations': 1}",1.0,102_tozero
103_tozero,tozero,closeOpen,True,True,100,255,25,2,"{'name': 'closeOpen', 'closing_kernel': array([[1, 1, 1, 1, 1, 1, 1]], dtype=uint8), 'opening_kernel': array([[1, 1, 1, 1, 1]], dtype=uint8), 'closing_iterations': 1, 'opening_iterations': 1}",1.0,103_tozero
104_tozero,tozero,closeOpen,True,True,110,130,25,2,"{'name': 'closeOpen', 'closing_kernel': array([[1, 1, 1, 1, 1, 1, 1]], dtype=uint8), 'opening_kernel': array([[1, 1, 1, 1, 1]], dtype=uint8), 'closing_iterations': 1, 'opening_iterations': 1}",1.0,104_tozero
105_tozero,tozero,closeOpen,True,True,110,255,25,2,"{'name': 'closeOpen', 'closing_kernel': array([[1, 1, 1, 1, 1, 1, 1]], dtype=uint8), 'opening_kernel': array([[1, 1, 1, 1, 1]], dtype=uint8), 'closing_iterations': 1, 'opening_iterations': 1}",1.0,105_tozero
106_tozero,tozero,closeOpen,True,True,120,130,25,2,"{'name': 'closeOpen', 'closing_kernel': array([[1, 1, 1, 1, 1, 1, 1]], dtype=uint8), 'opening_kernel': array([[1, 1, 1, 1, 1]], dtype=uint8), 'closing_iterations': 1, 'opening_iterations': 1}",1.0,106_tozero
107_tozero,tozero,closeOpen,True,True,120,255,25,2,"{'name': 'closeOpen', 'closing_kernel': array([[1, 1, 1, 1, 1, 1, 1]], dtype=uint8), 'opening_kernel': array([[1, 1, 1, 1, 1]], dtype=uint8), 'closing_iterations': 1, 'opening_iterations': 1}",1.0,107_tozero
108_tozero,tozero,closeOpen,True,False,70,130,25,2,"{'name': 'closeOpen', 'closing_kernel': array([[1, 1, 1, 1, 1, 1, 1]], dtype=uint8), 'opening_kernel': array([[1, 1, 1, 1, 1]], dtype=uint8), 'closing_iterations': 1, 'opening_iterations': 1}",1.0,108_tozero
109_tozero,tozero,closeOpen,True,False,70,255,25,2,"{'name': 'closeOpen', 'closing_kernel': array([[1, 1, 1, 1, 1, 1, 1]], dtype=uint8), 'opening_kernel': array([[1, 1, 1, 1, 1]], dtype=uint8), 'closing_iterations': 1, 'opening_iterations': 1}",1.0,109_tozero
110_tozero,tozero,closeOpen,True,False,80,130,25,2,"{'name': 'closeOpen', 'closing_kernel': array([[1, 1, 1, 1, 1, 1, 1]], dtype=uint8), 'opening_kernel': array([[1, 1, 1, 1, 1]], dtype=uint8), 'closing_iterations': 1, 'opening_iterations': 1}",1.0,110_tozero
111_tozero,tozero,closeOpen,True,False,80,255,25,2,"{'name': 'closeOpen', 'closing_kernel': array([[1, 1, 1, 1, 1, 1, 1]], dtype=uint8), 'opening_kernel': array([[1, 1, 1, 1, 1]], dtype=uint8), 'closing_iterations': 1, 'opening_iterations': 1}",1.0,111_tozero
112_tozero,tozero,closeOpen,True,False,90,130,25,2,"{'name': 'closeOpen', 'closing_kernel': array([[1, 1, 1, 1, 1, 1, 1]], dtype=uint8), 'opening_kernel': array([[1, 1, 1, 1, 1]], dtype=uint8), 'closing_iterations': 1, 'opening_iterations': 1}",1.0,112_tozero
113_tozero,tozero,closeOpen,True,False,90,255,25,2,"{'name': 'closeOpen', 'closing_kernel': array([[1, 1, 1, 1, 1, 1, 1]], dtype=uint8), 'opening_kernel': array([[1, 1, 1, 1, 1]], dtype=uint8), 'closing_iterations': 1, 'opening_iterations': 1}",1.0,113_tozero
114_tozero,tozero,closeOpen,True,False,100,130,25,2,"{'name': 'closeOpen', 'closing_kernel': array([[1, 1, 1, 1, 1, 1, 1]], dtype=uint8), 'opening_kernel': array([[1, 1, 1, 1, 1]], dtype=uint8), 'closing_iterations': 1, 'opening_iterations': 1}",1.0,114_tozero
115_tozero,tozero,closeOpen,True,False,100,255,25,2,"{'name': 'closeOpen', 'closing_kernel': array([[1, 1, 1, 1, 1, 1, 1]], dtype=uint8), 'opening_kernel': array([[1, 1, 1, 1, 1]], dtype=uint8), 'closing_iterations': 1, 'opening_iterations': 1}",1.0,115_tozero
116_tozero,tozero,closeOpen,True,False,110,130,25,2,"{'name': 'closeOpen', 'closing_kernel': array([[1, 1, 1, 1, 1, 1, 1]], dtype=uint8), 'opening_kernel': array([[1, 1, 1, 1, 1]], dtype=uint8), 'closing_iterations': 1, 'opening_iterations': 1}",1.0,116_tozero
117_tozero,tozero,closeOpen,True,False,110,255,25,2,"{'name': 'closeOpen', 'closing_kernel': array([[1, 1, 1, 1, 1, 1, 1]], dtype=uint8), 'opening_kernel': array([[1, 1, 1, 1, 1]], dtype=uint8), 'closing_iterations': 1, 'opening_iterations': 1}",1.0,117_tozero
118_tozero,tozero,closeOpen,True,False,120,130,25,2,"{'name': 'closeOpen', 'closing_kernel': array([[1, 1, 1, 1, 1, 1, 1]], dtype=uint8), 'opening_kernel': array([[1, 1, 1, 1, 1]], dtype=uint8), 'closing_iterations': 1, 'opening_iterations': 1}",1.0,118_tozero
119_tozero,tozero,closeOpen,True,False,120,255,25,2,"{'name': 'closeOpen', 'closing_kernel': array([[1, 1, 1, 1, 1, 1, 1]], dtype=uint8), 'opening_kernel': array([[1, 1, 1, 1, 1]], dtype=uint8), 'closing_iterations': 1, 'opening_iterations': 1}",1.0,119_tozero
120_tozero,tozero,closeOpen,False,True,70,130,25,2,"{'name': 'closeOpen', 'closing_kernel': array([[1, 1, 1, 1, 1, 1, 1]], dtype=uint8), 'opening_kernel': array([[1, 1, 1, 1, 1]], dtype=uint8), 'closing_iterations': 1, 'opening_iterations': 1}",1.0,120_tozero
121_tozero,tozero,closeOpen,False,True,70,255,25,2,"{'name': 'closeOpen', 'closing_kernel': array([[1, 1, 1, 1, 1, 1, 1]], dtype=uint8), 'opening_kernel': array([[1, 1, 1, 1, 1]], dtype=uint8), 'closing_iterations': 1, 'opening_iterations': 1}",1.0,121_tozero
122_tozero,tozero,closeOpen,False,True,80,130,25,2,"{'name': 'closeOpen', 'closing_kernel': array([[1, 1, 1, 1, 1, 1, 1]], dtype=uint8), 'opening_kernel': array([[1, 1, 1, 1, 1]], dtype=uint8), 'closing_iterations': 1, 'opening_iterations': 1}",1.0,122_tozero
123_tozero,tozero,closeOpen,False,True,80,255,25,2,"{'name': 'closeOpen', 'closing_kernel': array([[1, 1, 1, 1, 1, 1, 1]], dtype=uint8), 'opening_kernel': array([[1, 1, 1, 1, 1]], dtype=uint8), 'closing_iterations': 1, 'opening_iterations': 1}",1.0,123_tozero
124_tozero,tozero,closeOpen,False,True,90,130,25,2,"{'name': 'closeOpen', 'closing_kernel': array([[1, 1, 1, 1, 1, 1, 1]], dtype=uint8), 'opening_kernel': array([[1, 1, 1, 1, 1]], dtype=uint8), 'closing_iterations': 1, 'opening_iterations': 1}",1.0,124_tozero
125_tozero,tozero,closeOpen,False,True,90,255,25,2,"{'name': 'closeOpen', 'closing_kernel': array([[1, 1, 1, 1, 1, 1, 1]], dtype=uint8), 'opening_kernel': array([[1, 1, 1, 1, 1]], dtype=uint8), 'closing_iterations': 1, 'opening_iterations': 1}",1.0,125_tozero
126_tozero,tozero,closeOpen,False,True,100,130,25,2,"{'name': 'closeOpen', 'closing_kernel': array([[1, 1, 1, 1, 1, 1, 1]], dtype=uint8), 'opening_kernel': array([[1, 1, 1, 1, 1]], dtype=uint8), 'closing_iterations': 1, 'opening_iterations': 1}",1.0,126_tozero
127_tozero,tozero,closeOpen,False,True,100,255,25,2,"{'name': 'closeOpen', 'closing_kernel': array([[1, 1, 1, 1, 1, 1, 1]], dtype=uint8), 'opening_kernel': array([[1, 1, 1, 1, 1]], dtype=uint8), 'closing_iterations': 1, 'opening_iterations': 1}",1.0,127_tozero
128_tozero,tozero,closeOpen,False,True,110,130,25,2,"{'name': 'closeOpen', 'closing_kernel': array([[1, 1, 1, 1, 1, 1, 1]], dtype=uint8), 'opening_kernel': array([[1, 1, 1, 1, 1]], dtype=uint8), 'closing_iterations': 1, 'opening_iterations': 1}",1.0,128_tozero
129_tozero,tozero,closeOpen,False,True,110,255,25,2,"{'name': 'closeOpen', 'closing_kernel': array([[1, 1, 1, 1, 1, 1, 1]], dtype=uint8), 'opening_kernel': array([[1, 1, 1, 1, 1]], dtype=uint8), 'closing_iterations': 1, 'opening_iterations': 1}",1.0,129_tozero
130_tozero,tozero,closeOpen,False,True,120,130,25,2,"{'name': 'closeOpen', 'closing_kernel': array([[1, 1, 1, 1, 1, 1, 1]], dtype=uint8), 'opening_kernel': array([[1, 1, 1, 1, 1]], dtype=uint8), 'closing_iterations': 1, 'opening_iterations': 1}",1.0,130_tozero
131_tozero,tozero,closeOpen,False,True,120,255,25,2,"{'name': 'closeOpen', 'closing_kernel': array([[1, 1, 1, 1, 1, 1, 1]], dtype=uint8), 'opening_kernel': array([[1, 1, 1, 1, 1]], dtype=uint8), 'closing_iterations': 1, 'opening_iterations': 1}",1.0,131_tozero
132_tozero,tozero,closeOpen,False,False,70,130,25,2,"{'name': 'closeOpen', 'closing_kernel': array([[1, 1, 1, 1, 1, 1, 1]], dtype=uint8), 'opening_kernel': array([[1, 1, 1, 1, 1]], dtype=uint8), 'closing_iterations': 1, 'opening_iterations': 1}",1.0,132_tozero
133_tozero,tozero,closeOpen,False,False,70,255,25,2,"{'name': 'closeOpen', 'closing_kernel': array([[1, 1, 1, 1, 1, 1, 1]], dtype=uint8), 'opening_kernel': array([[1, 1, 1, 1, 1]], dtype=uint8), 'closing_iterations': 1, 'opening_iterations': 1}",1.0,133_tozero
134_tozero,tozero,closeOpen,False,False,80,130,25,2,"{'name': 'closeOpen', 'closing_kernel': array([[1, 1, 1, 1, 1, 1, 1]], dtype=uint8), 'opening_kernel': array([[1, 1, 1, 1, 1]], dtype=uint8), 'closing_iterations': 1, 'opening_iterations': 1}",1.0,134_tozero
135_tozero,tozero,closeOpen,False,False,80,255,25,2,"{'name': 'closeOpen', 'closing_kernel': array([[1, 1, 1, 1, 1, 1, 1]], dtype=uint8), 'opening_kernel': array([[1, 1, 1, 1, 1]], dtype=uint8), 'closing_iterations': 1, 'opening_iterations': 1}",1.0,135_tozero
136_tozero,tozero,closeOpen,False,False,90,130,25,2,"{'name': 'closeOpen', 'closing_kernel': array([[1, 1, 1, 1, 1, 1, 1]], dtype=uint8), 'opening_kernel': array([[1, 1, 1, 1, 1]], dtype=uint8), 'closing_iterations': 1, 'opening_iterations': 1}",1.0,136_tozero
137_tozero,tozero,closeOpen,False,False,90,255,25,2,"{'name': 'closeOpen', 'closing_kernel': array([[1, 1, 1, 1, 1, 1, 1]], dtype=uint8), 'opening_kernel': array([[1, 1, 1, 1, 1]], dtype=uint8), 'closing_iterations': 1, 'opening_iterations': 1}",1.0,137_tozero
138_tozero,tozero,closeOpen,False,False,100,130,25,2,"{'name': 'closeOpen', 'closing_kernel': array([[1, 1, 1, 1, 1, 1, 1]], dtype=uint8), 'opening_kernel': array([[1, 1, 1, 1, 1]], dtype=uint8), 'closing_iterations': 1, 'opening_iterations': 1}",1.0,138_tozero
139_tozero,tozero,closeOpen,False,False,100,255,25,2,"{'name': 'closeOpen', 'closing_kernel': array([[1, 1, 1, 1, 1, 1, 1]], dtype=uint8), 'opening_kernel': array([[1, 1, 1, 1, 1]], dtype=uint8), 'closing_iterations': 1, 'opening_iterations': 1}",1.0,139_tozero
140_tozero,tozero,closeOpen,False,False,110,130,25,2,"{'name': 'closeOpen', 'closing_kernel': array([[1, 1, 1, 1, 1, 1, 1]], dtype=uint8), 'opening_kernel': array([[1, 1, 1, 1, 1]], dtype=uint8), 'closing_iterations': 1, 'opening_iterations': 1}",1.0,140_tozero
141_tozero,tozero,closeOpen,False,False,110,255,25,2,"{'name': 'closeOpen', 'closing_kernel': array([[1, 1, 1, 1, 1, 1, 1]], dtype=uint8), 'opening_kernel': array([[1, 1, 1, 1, 1]], dtype=uint8), 'closing_iterations': 1, 'opening_iterations': 1}",1.0,141_tozero
142_tozero,tozero,closeOpen,False,False,120,130,25,2,"{'name': 'closeOpen', 'closing_kernel': array([[1, 1, 1, 1, 1, 1, 1]], dtype=uint8), 'opening_kernel': array([[1, 1, 1, 1, 1]], dtype=uint8), 'closing_iterations': 1, 'opening_iterations': 1}",1.0,142_tozero
143_tozero,tozero,closeOpen,False,False,120,255,25,2,"{'name': 'closeOpen', 'closing_kernel': array([[1, 1, 1, 1, 1, 1, 1]], dtype=uint8), 'opening_kernel': array([[1, 1, 1, 1, 1]], dtype=uint8), 'closing_iterations': 1, 'opening_iterations': 1}",1.0,143_tozero
144_otsu,otsu,closeOpen,True,True,70,130,25,2,"{'name': 'closeOpen', 'closing_kernel': array([[1, 1, 1, 1, 1, 1, 1]], dtype=uint8), 'opening_kernel': array([[1, 1, 1, 1, 1]], dtype=uint8), 'closing_iterations': 1, 'opening_iterations': 1}",1.0,144_otsu
145_otsu,otsu,closeOpen,True,True,70,255,25,2,"{'name': 'closeOpen', 'closing_kernel': array([[1, 1, 1, 1, 1, 1, 1]], dtype=uint8), 'opening_kernel': array([[1, 1, 1, 1, 1]], dtype=uint8), 'closing_iterations': 1, 'opening_iterations': 1}",1.0,145_otsu
146_otsu,otsu,closeOpen,True,True,80,130,25,2,"{'name': 'closeOpen', 'closing_kernel': array([[1, 1, 1, 1, 1, 1, 1]], dtype=uint8), 'opening_kernel': array([[1, 1, 1, 1, 1]], dtype=uint8), 'closing_iterations': 1, 'opening_iterations': 1}",1.0,146_otsu
147_otsu,otsu,closeOpen,True,True,80,255,25,2,"{'name': 'closeOpen', 'closing_kernel': array([[1, 1, 1, 1, 1, 1, 1]], dtype=uint8), 'opening_kernel': array([[1, 1, 1, 1, 1]], dtype=uint8), 'closing_iterations': 1, 'opening_iterations': 1}",1.0,147_otsu
148_otsu,otsu,closeOpen,True,True,90,130,25,2,"{'name': 'closeOpen', 'closing_kernel': array([[1, 1, 1, 1, 1, 1, 1]], dtype=uint8), 'opening_kernel': array([[1, 1, 1, 1, 1]], dtype=uint8), 'closing_iterations': 1, 'opening_iterations': 1}",1.0,148_otsu
149_otsu,otsu,closeOpen,True,True,90,255,25,2,"{'name': 'closeOpen', 'closing_kernel': array([[1, 1, 1, 1, 1, 1, 1]], dtype=uint8), 'opening_kernel': array([[1, 1, 1, 1, 1]], dtype=uint8), 'closing_iterations': 1, 'opening_iterations': 1}",1.0,149_otsu
150_otsu,otsu,closeOpen,True,True,100,130,25,2,"{'name': 'closeOpen', 'closing_kernel': array([[1, 1, 1, 1, 1, 1, 1]], dtype=uint8), 'opening_kernel': array([[1, 1, 1, 1, 1]], dtype=uint8), 'closing_iterations': 1, 'opening_iterations': 1}",1.0,150_otsu
151_otsu,otsu,closeOpen,True,True,100,255,25,2,"{'name': 'closeOpen', 'closing_kernel': array([[1, 1, 1, 1, 1, 1, 1]], dtype=uint8), 'opening_kernel': array([[1, 1, 1, 1, 1]], dtype=uint8), 'closing_iterations': 1, 'opening_iterations': 1}",1.0,151_otsu
152_otsu,otsu,closeOpen,True,True,110,130,25,2,"{'name': 'closeOpen', 'closing_kernel': array([[1, 1, 1, 1, 1, 1, 1]], dtype=uint8), 'opening_kernel': array([[1, 1, 1, 1, 1]], dtype=uint8), 'closing_iterations': 1, 'opening_iterations': 1}",1.0,152_otsu
153_otsu,otsu,closeOpen,True,True,110,255,25,2,"{'name': 'closeOpen', 'closing_kernel': array([[1, 1, 1, 1, 1, 1, 1]], dtype=uint8), 'opening_kernel': array([[1, 1, 1, 1, 1]], dtype=uint8), 'closing_iterations': 1, 'opening_iterations': 1}",1.0,153_otsu
154_otsu,otsu,closeOpen,True,True,120,130,25,2,"{'name': 'closeOpen', 'closing_kernel': array([[1, 1, 1, 1, 1, 1, 1]], dtype=uint8), 'opening_kernel': array([[1, 1, 1, 1, 1]], dtype=uint8), 'closing_iterations': 1, 'opening_iterations': 1}",1.0,154_otsu
155_otsu,otsu,closeOpen,True,True,120,255,25,2,"{'name': 'closeOpen', 'closing_kernel': array([[1, 1, 1, 1, 1, 1, 1]], dtype=uint8), 'opening_kernel': array([[1, 1, 1, 1, 1]], dtype=uint8), 'closing_iterations': 1, 'opening_iterations': 1}",1.0,155_otsu
156_otsu,otsu,closeOpen,True,False,70,130,25,2,"{'name': 'closeOpen', 'closing_kernel': array([[1, 1, 1, 1, 1, 1, 1]], dtype=uint8), 'opening_kernel': array([[1, 1, 1, 1, 1]], dtype=uint8), 'closing_iterations': 1, 'opening_iterations': 1}",1.0,156_otsu
157_otsu,otsu,closeOpen,True,False,70,255,25,2,"{'name': 'closeOpen', 'closing_kernel': array([[1, 1, 1, 1, 1, 1, 1]], dtype=uint8), 'opening_kernel': array([[1, 1, 1, 1, 1]], dtype=uint8), 'closing_iterations': 1, 'opening_iterations': 1}",1.0,157_otsu
158_otsu,otsu,closeOpen,True,False,80,130,25,2,"{'name': 'closeOpen', 'closing_kernel': array([[1, 1, 1, 1, 1, 1, 1]], dtype=uint8), 'opening_kernel': array([[1, 1, 1, 1, 1]], dtype=uint8), 'closing_iterations': 1, 'opening_iterations': 1}",1.0,158_otsu
159_otsu,otsu,closeOpen,True,False,80,255,25,2,"{'name': 'closeOpen', 'closing_kernel': array([[1, 1, 1, 1, 1, 1, 1]], dtype=uint8), 'opening_kernel': array([[1, 1, 1, 1, 1]], dtype=uint8), 'closing_iterations': 1, 'opening_iterations': 1}",1.0,159_otsu
160_otsu,otsu,closeOpen,True,False,90,130,25,2,"{'name': 'closeOpen', 'closing_kernel': array([[1, 1, 1, 1, 1, 1, 1]], dtype=uint8), 'opening_kernel': array([[1, 1, 1, 1, 1]], dtype=uint8), 'closing_iterations': 1, 'opening_iterations': 1}",1.0,160_otsu
161_otsu,otsu,closeOpen,True,False,90,255,25,2,"{'name': 'closeOpen', 'closing_kernel': array([[1, 1, 1, 1, 1, 1, 1]], dtype=uint8), 'opening_kernel': array([[1, 1, 1, 1, 1]], dtype=uint8), 'closing_iterations': 1, 'opening_iterations': 1}",1.0,161_otsu
162_otsu,otsu,closeOpen,True,False,100,130,25,2,"{'name': 'closeOpen', 'closing_kernel': array([[1, 1, 1, 1, 1, 1, 1]], dtype=uint8), 'opening_kernel': array([[1, 1, 1, 1, 1]], dtype=uint8), 'closing_iterations': 1, 'opening_iterations': 1}",1.0,162_otsu
163_otsu,otsu,closeOpen,True,False,100,255,25,2,"{'name': 'closeOpen', 'closing_kernel': array([[1, 1, 1, 1, 1, 1, 1]], dtype=uint8), 'opening_kernel': array([[1, 1, 1, 1, 1]], dtype=uint8), 'closing_iterations': 1, 'opening_iterations': 1}",1.0,163_otsu
164_otsu,otsu,closeOpen,True,False,110,130,25,2,"{'name': 'closeOpen', 'closing_kernel': array([[1, 1, 1, 1, 1, 1, 1]], dtype=uint8), 'opening_kernel': array([[1, 1, 1, 1, 1]], dtype=uint8), 'closing_iterations': 1, 'opening_iterations': 1}",1.0,164_otsu
165_otsu,otsu,closeOpen,True,False,110,255,25,2,"{'name': 'closeOpen', 'closing_kernel': array([[1, 1, 1, 1, 1, 1, 1]], dtype=uint8), 'opening_kernel': array([[1, 1, 1, 1, 1]], dtype=uint8), 'closing_iterations': 1, 'opening_iterations': 1}",1.0,165_otsu
166_otsu,otsu,closeOpen,True,False,120,130,25,2,"{'name': 'closeOpen', 'closing_kernel': array([[1, 1, 1, 1, 1, 1, 1]], dtype=uint8), 'opening_kernel': array([[1, 1, 1, 1, 1]], dtype=uint8), 'closing_iterations': 1, 'opening_iterations': 1}",1.0,166_otsu
167_otsu,otsu,closeOpen,True,False,120,255,25,2,"{'name': 'closeOpen', 'closing_kernel': array([[1, 1, 1, 1, 1, 1, 1]], dtype=uint8), 'opening_kernel': array([[1, 1, 1, 1, 1]], dtype=uint8), 'closing_iterations': 1, 'opening_iterations': 1}",1.0,167_otsu
168_otsu,otsu,closeOpen,False,True,70,130,25,2,"{'name': 'closeOpen', 'closing_kernel': array([[1, 1, 1, 1, 1, 1, 1]], dtype=uint8), 'opening_kernel': array([[1, 1, 1, 1, 1]], dtype=uint8), 'closing_iterations': 1, 'opening_iterations': 1}",1.0,168_otsu
169_otsu,otsu,closeOpen,False,True,70,255,25,2,"{'name': 'closeOpen', 'closing_kernel': array([[1, 1, 1, 1, 1, 1, 1]], dtype=uint8), 'opening_kernel': array([[1, 1, 1, 1, 1]], dtype=uint8), 'closing_iterations': 1, 'opening_iterations': 1}",1.0,169_otsu
170_otsu,otsu,closeOpen,False,True,80,130,25,2,"{'name': 'closeOpen', 'closing_kernel': array([[1, 1, 1, 1, 1, 1, 1]], dtype=uint8), 'opening_kernel': array([[1, 1, 1, 1, 1]], dtype=uint8), 'closing_iterations': 1, 'opening_iterations': 1}",1.0,170_otsu
171_otsu,otsu,closeOpen,False,True,80,255,25,2,"{'name': 'closeOpen', 'closing_kernel': array([[1, 1, 1, 1, 1, 1, 1]], dtype=uint8), 'opening_kernel': array([[1, 1, 1, 1, 1]], dtype=uint8), 'closing_iterations': 1, 'opening_iterations': 1}",1.0,171_otsu
172_otsu,otsu,closeOpen,False,True,90,130,25,2,"{'name': 'closeOpen', 'closing_kernel': array([[1, 1, 1, 1, 1, 1, 1]], dtype=uint8), 'opening_kernel': array([[1, 1, 1, 1, 1]], dtype=uint8), 'closing_iterations': 1, 'opening_iterations': 1}",1.0,172_otsu
173_otsu,otsu,closeOpen,False,True,90,255,25,2,"{'name': 'closeOpen', 'closing_kernel': array([[1, 1, 1, 1, 1, 1, 1]], dtype=uint8), 'opening_kernel': array([[1, 1, 1, 1, 1]], dtype=uint8), 'closing_iterations': 1, 'opening_iterations': 1}",1.0,173_otsu
174_otsu,otsu,closeOpen,False,True,100,130,25,2,"{'name': 'closeOpen', 'closing_kernel': array([[1, 1, 1, 1, 1, 1, 1]], dtype=uint8), 'opening_kernel': array([[1, 1, 1, 1, 1]], dtype=uint8), 'closing_iterations': 1, 'opening_iterations': 1}",1.0,174_otsu
175_otsu,otsu,closeOpen,False,True,100,255,25,2,"{'name': 'closeOpen', 'closing_kernel': array([[1, 1, 1, 1, 1, 1, 1]], dtype=uint8), 'opening_kernel': array([[1, 1, 1, 1, 1]], dtype=uint8), 'closing_iterations': 1, 'opening_iterations': 1}",1.0,175_otsu
176_otsu,otsu,closeOpen,False,True,110,130,25,2,"{'name': 'closeOpen', 'closing_kernel': array([[1, 1, 1, 1, 1, 1, 1]], dtype=uint8), 'opening_kernel': array([[1, 1, 1, 1, 1]], dtype=uint8), 'closing_iterations': 1, 'opening_iterations': 1}",1.0,176_otsu
177_otsu,otsu,closeOpen,False,True,110,255,25,2,"{'name': 'closeOpen', 'closing_kernel': array([[1, 1, 1, 1, 1, 1, 1]], dtype=uint8), 'opening_kernel': array([[1, 1, 1, 1, 1]], dtype=uint8), 'closing_iterations': 1, 'opening_iterations': 1}",1.0,177_otsu
178_otsu,otsu,closeOpen,False,True,120,130,25,2,"{'name': 'closeOpen', 'closing_kernel': array([[1, 1, 1, 1, 1, 1, 1]], dtype=uint8), 'opening_kernel': array([[1, 1, 1, 1, 1]], dtype=uint8), 'closing_iterations': 1, 'opening_iterations': 1}",1.0,178_otsu
179_otsu,otsu,closeOpen,False,True,120,255,25,2,"{'name': 'closeOpen', 'closing_kernel': array([[1, 1, 1, 1, 1, 1, 1]], dtype=uint8), 'opening_kernel': array([[1, 1, 1, 1, 1]], dtype=uint8), 'closing_iterations': 1, 'opening_iterations': 1}",1.0,179_otsu
180_otsu,otsu,closeOpen,False,False,70,130,25,2,"{'name': 'closeOpen', 'closing_kernel': array([[1, 1, 1, 1, 1, 1, 1]], dtype=uint8), 'opening_kernel': array([[1, 1, 1, 1, 1]], dtype=uint8), 'closing_iterations': 1, 'opening_iterations': 1}",1.0,180_otsu
181_otsu,otsu,closeOpen,False,False,70,255,25,2,"{'name': 'closeOpen', 'closing_kernel': array([[1, 1, 1, 1, 1, 1, 1]], dtype=uint8), 'opening_kernel': array([[1, 1, 1, 1, 1]], dtype=uint8), 'closing_iterations': 1, 'opening_iterations': 1}",1.0,181_otsu
182_otsu,otsu,closeOpen,False,False,80,130,25,2,"{'name': 'closeOpen', 'closing_kernel': array([[1, 1, 1, 1, 1, 1, 1]], dtype=uint8), 'opening_kernel': array([[1, 1, 1, 1, 1]], dtype=uint8), 'closing_iterations': 1, 'opening_iterations': 1}",1.0,182_otsu
183_otsu,otsu,closeOpen,False,False,80,255,25,2,"{'name': 'closeOpen', 'closing_kernel': array([[1, 1, 1, 1, 1, 1, 1]], dtype=uint8), 'opening_kernel': array([[1, 1, 1, 1, 1]], dtype=uint8), 'closing_iterations': 1, 'opening_iterations': 1}",1.0,183_otsu
184_otsu,otsu,closeOpen,False,False,90,130,25,2,"{'name': 'closeOpen', 'closing_kernel': array([[1, 1, 1, 1, 1, 1, 1]], dtype=uint8), 'opening_kernel': array([[1, 1, 1, 1, 1]], dtype=uint8), 'closing_iterations': 1, 'opening_iterations': 1}",1.0,184_otsu
185_otsu,otsu,closeOpen,False,False,90,255,25,2,"{'name': 'closeOpen', 'closing_kernel': array([[1, 1, 1, 1, 1, 1, 1]], dtype=uint8), 'opening_kernel': array([[1, 1, 1, 1, 1]], dtype=uint8), 'closing_iterations': 1, 'opening_iterations': 1}",1.0,185_otsu
186_otsu,otsu,closeOpen,False,False,100,130,25,2,"{'name': 'closeOpen', 'closing_kernel': array([[1, 1, 1, 1, 1, 1, 1]], dtype=uint8), 'opening_kernel': array([[1, 1, 1, 1, 1]], dtype=uint8), 'closing_iterations': 1, 'opening_iterations': 1}",1.0,186_otsu
187_otsu,otsu,closeOpen,False,False,100,255,25,2,"{'name': 'closeOpen', 'closing_kernel': array([[1, 1, 1, 1, 1, 1, 1]], dtype=uint8), 'opening_kernel': array([[1, 1, 1, 1, 1]], dtype=uint8), 'closing_iterations': 1, 'opening_iterations': 1}",1.0,187_otsu
188_otsu,otsu,closeOpen,False,False,110,130,25,2,"{'name': 'closeOpen', 'closing_kernel': array([[1, 1, 1, 1, 1, 1, 1]], dtype=uint8), 'opening_kernel': array([[1, 1, 1, 1, 1]], dtype=uint8), 'closing_iterations': 1, 'opening_iterations': 1}",1.0,188_otsu
189_otsu,otsu,closeOpen,False,False,110,255,25,2,"{'name': 'closeOpen', 'closing_kernel': array([[1, 1, 1, 1, 1, 1, 1]], dtype=uint8), 'opening_kernel': array([[1, 1, 1, 1, 1]], dtype=uint8), 'closing_iterations': 1, 'opening_iterations': 1}",1.0,189_otsu
190_otsu,otsu,closeOpen,False,False,120,130,25,2,"{'name': 'closeOpen', 'closing_kernel': array([[1, 1, 1, 1, 1, 1, 1]], dtype=uint8), 'opening_kernel': array([[1, 1, 1, 1, 1]], dtype=uint8), 'closing_iterations': 1, 'opening_iterations': 1}",1.0,190_otsu
191_otsu,otsu,closeOpen,False,False,120,255,25,2,"{'name': 'closeOpen', 'closing_kernel': array([[1, 1, 1, 1, 1, 1, 1]], dtype=uint8), 'opening_kernel': array([[1, 1, 1, 1, 1]], dtype=uint8), 'closing_iterations': 1, 'opening_iterations': 1}",1.0,191_otsu
0_adaptive,adaptive,closeOpen,True,True,0,130,25,2,"{'name': 'closeOpen', 'closing_kernel': array([[1, 1, 1, 1, 1, 1, 1]], dtype=uint8), 'opening_kernel': array([[1, 1, 1, 1, 1]], dtype=uint8), 'closing_iterations': 1, 'opening_iterations': 1}",1.0,0_adaptive
1_adaptive,adaptive,closeOpen,True,True,0,255,25,2,"{'name': 'closeOpen', 'closing_kernel': array([[1, 1, 1, 1, 1, 1, 1]], dtype=uint8), 'opening_kernel': array([[1, 1, 1, 1, 1]], dtype=uint8), 'closing_iterations': 1, 'opening_iterations': 1}",1.0,1_adaptive
2_adaptive,adaptive,closeOpen,True,True,70,130,25,2,"{'name': 'closeOpen', 'closing_kernel': array([[1, 1, 1, 1, 1, 1, 1]], dtype=uint8), 'opening_kernel': array([[1, 1, 1, 1, 1]], dtype=uint8), 'closing_iterations': 1, 'opening_iterations': 1}",1.0,2_adaptive
3_adaptive,adaptive,closeOpen,True,True,70,255,25,2,"{'name': 'closeOpen', 'closing_kernel': array([[1, 1, 1, 1, 1, 1, 1]], dtype=uint8), 'opening_kernel': array([[1, 1, 1, 1, 1]], dtype=uint8), 'closing_iterations': 1, 'opening_iterations': 1}",1.0,3_adaptive
4_adaptive,adaptive,closeOpen,True,True,100,130,25,2,"{'name': 'closeOpen', 'closing_kernel': array([[1, 1, 1, 1, 1, 1, 1]], dtype=uint8), 'opening_kernel': array([[1, 1, 1, 1, 1]], dtype=uint8), 'closing_iterations': 1, 'opening_iterations': 1}",1.0,4_adaptive
5_adaptive,adaptive,closeOpen,True,True,100,255,25,2,"{'name': 'closeOpen', 'closing_kernel': array([[1, 1, 1, 1, 1, 1, 1]], dtype=uint8), 'opening_kernel': array([[1, 1, 1, 1, 1]], dtype=uint8), 'closing_iterations': 1, 'opening_iterations': 1}",1.0,5_adaptive
6_adaptive,adaptive,closeOpen,True,False,0,130,25,2,"{'name': 'closeOpen', 'closing_kernel': array([[1, 1, 1, 1, 1, 1, 1]], dtype=uint8), 'opening_kernel': array([[1, 1, 1, 1, 1]], dtype=uint8), 'closing_iterations': 1, 'opening_iterations': 1}",1.0,6_adaptive
7_adaptive,adaptive,closeOpen,True,False,0,255,25,2,"{'name': 'closeOpen', 'closing_kernel': array([[1, 1, 1, 1, 1, 1, 1]], dtype=uint8), 'opening_kernel': array([[1, 1, 1, 1, 1]], dtype=uint8), 'closing_iterations': 1, 'opening_iterations': 1}",1.0,7_adaptive
8_adaptive,adaptive,closeOpen,True,False,70,130,25,2,"{'name': 'closeOpen', 'closing_kernel': array([[1, 1, 1, 1, 1, 1, 1]], dtype=uint8), 'opening_kernel': array([[1, 1, 1, 1, 1]], dtype=uint8), 'closing_iterations': 1, 'opening_iterations': 1}",1.0,8_adaptive
9_adaptive,adaptive,closeOpen,True,False,70,255,25,2,"{'name': 'closeOpen', 'closing_kernel': array([[1, 1, 1, 1, 1, 1, 1]], dtype=uint8), 'opening_kernel': array([[1, 1, 1, 1, 1]], dtype=uint8), 'closing_iterations': 1, 'opening_iterations': 1}",1.0,9_adaptive
10_adaptive,adaptive,closeOpen,True,False,100,130,25,2,"{'name': 'closeOpen', 'closing_kernel': array([[1, 1, 1, 1, 1, 1, 1]], dtype=uint8), 'opening_kernel': array([[1, 1, 1, 1, 1]], dtype=uint8), 'closing_iterations': 1, 'opening_iterations': 1}",1.0,10_adaptive
11_adaptive,adaptive,closeOpen,True,False,100,255,25,2,"{'name': 'closeOpen', 'closing_kernel': array([[1, 1, 1, 1, 1, 1, 1]], dtype=uint8), 'opening_kernel': array([[1, 1, 1, 1, 1]], dtype=uint8), 'closing_iterations': 1, 'opening_iterations': 1}",1.0,11_adaptive
12_adaptive,adaptive,closeOpen,False,True,0,130,25,2,"{'name': 'closeOpen', 'closing_kernel': array([[1, 1, 1, 1, 1, 1, 1]], dtype=uint8), 'opening_kernel': array([[1, 1, 1, 1, 1]], dtype=uint8), 'closing_iterations': 1, 'opening_iterations': 1}",1.0,12_adaptive
13_adaptive,adaptive,closeOpen,False,True,0,255,25,2,"{'name': 'closeOpen', 'closing_kernel': array([[1, 1, 1, 1, 1, 1, 1]], dtype=uint8), 'opening_kernel': array([[1, 1, 1, 1, 1]], dtype=uint8), 'closing_iterations': 1, 'opening_iterations': 1}",1.0,13_adaptive
14_adaptive,adaptive,closeOpen,False,True,70,130,25,2,"{'name': 'closeOpen', 'closing_kernel': array([[1, 1, 1, 1, 1, 1, 1]], dtype=uint8), 'opening_kernel': array([[1, 1, 1, 1, 1]], dtype=uint8), 'closing_iterations': 1, 'opening_iterations': 1}",1.0,14_adaptive
15_adaptive,adaptive,closeOpen,False,True,70,255,25,2,"{'name': 'closeOpen', 'closing_kernel': array([[1, 1, 1, 1, 1, 1, 1]], dtype=uint8), 'opening_kernel': array([[1, 1, 1, 1, 1]], dtype=uint8), 'closing_iterations': 1, 'opening_iterations': 1}",1.0,15_adaptive
16_adaptive,adaptive,closeOpen,False,True,100,130,25,2,"{'name': 'closeOpen', 'closing_kernel': array([[1, 1, 1, 1, 1, 1, 1]], dtype=uint8), 'opening_kernel': array([[1, 1, 1, 1, 1]], dtype=uint8), 'closing_iterations': 1, 'opening_iterations': 1}",1.0,16_adaptive
17_adaptive,adaptive,closeOpen,False,True,100,255,25,2,"{'name': 'closeOpen', 'closing_kernel': array([[1, 1, 1, 1, 1, 1, 1]], dtype=uint8), 'opening_kernel': array([[1, 1, 1, 1, 1]], dtype=uint8), 'closing_iterations': 1, 'opening_iterations': 1}",1.0,17_adaptive
18_adaptive,adaptive,closeOpen,False,False,0,130,25,2,"{'name': 'closeOpen', 'closing_kernel': array([[1, 1, 1, 1, 1, 1, 1]], dtype=uint8), 'opening_kernel': array([[1, 1, 1, 1, 1]], dtype=uint8), 'closing_iterations': 1, 'opening_iterations': 1}",1.0,18_adaptive
19_adaptive,adaptive,closeOpen,False,False,0,255,25,2,"{'name': 'closeOpen', 'closing_kernel': array([[1, 1, 1, 1, 1, 1, 1]], dtype=uint8), 'opening_kernel': array([[1, 1, 1, 1, 1]], dtype=uint8), 'closing_iterations': 1, 'opening_iterations': 1}",1.0,19_adaptive
20_adaptive,adaptive,closeOpen,False,False,70,130,25,2,"{'name': 'closeOpen', 'closing_kernel': array([[1, 1, 1, 1, 1, 1, 1]], dtype=uint8), 'opening_kernel': array([[1, 1, 1, 1, 1]], dtype=uint8), 'closing_iterations': 1, 'opening_iterations': 1}",1.0,20_adaptive
21_adaptive,adaptive,closeOpen,False,False,70,255,25,2,"{'name': 'closeOpen', 'closing_kernel': array([[1, 1, 1, 1, 1, 1, 1]], dtype=uint8), 'opening_kernel': array([[1, 1, 1, 1, 1]], dtype=uint8), 'closing_iterations': 1, 'opening_iterations': 1}",1.0,21_adaptive
22_adaptive,adaptive,closeOpen,False,False,100,130,25,2,"{'name': 'closeOpen', 'closing_kernel': array([[1, 1, 1, 1, 1, 1, 1]], dtype=uint8), 'opening_kernel': array([[1, 1, 1, 1, 1]], dtype=uint8), 'closing_iterations': 1, 'opening_iterations': 1}",1.0,22_adaptive
23_adaptive,adaptive,closeOpen,False,False,100,255,25,2,"{'name': 'closeOpen', 'closing_kernel': array([[1, 1, 1, 1, 1, 1, 1]], dtype=uint8), 'opening_kernel': array([[1, 1, 1, 1, 1]], dtype=uint8), 'closing_iterations': 1, 'opening_iterations': 1}",1.0,23_adaptive
24_adaptiveGaussian,adaptiveGaussian,closeOpen,True,True,0,130,25,2,"{'name': 'closeOpen', 'closing_kernel': array([[1, 1, 1, 1, 1, 1, 1]], dtype=uint8), 'opening_kernel': array([[1, 1, 1, 1, 1]], dtype=uint8), 'closing_iterations': 1, 'opening_iterations': 1}",1.0,24_adaptiveGaussian
25_adaptiveGaussian,adaptiveGaussian,closeOpen,True,True,0,255,25,2,"{'name': 'closeOpen', 'closing_kernel': array([[1, 1, 1, 1, 1, 1, 1]], dtype=uint8), 'opening_kernel': array([[1, 1, 1, 1, 1]], dtype=uint8), 'closing_iterations': 1, 'opening_iterations': 1}",1.0,25_adaptiveGaussian
26_adaptiveGaussian,adaptiveGaussian,closeOpen,True,True,70,130,25,2,"{'name': 'closeOpen', 'closing_kernel': array([[1, 1, 1, 1, 1, 1, 1]], dtype=uint8), 'opening_kernel': array([[1, 1, 1, 1, 1]], dtype=uint8), 'closing_iterations': 1, 'opening_iterations': 1}",1.0,26_adaptiveGaussian
27_adaptiveGaussian,adaptiveGaussian,closeOpen,True,True,70,255,25,2,"{'name': 'closeOpen', 'closing_kernel': array([[1, 1, 1, 1, 1, 1, 1]], dtype=uint8), 'opening_kernel': array([[1, 1, 1, 1, 1]], dtype=uint8), 'closing_iterations': 1, 'opening_iterations': 1}",1.0,27_adaptiveGaussian
28_adaptiveGaussian,adaptiveGaussian,closeOpen,True,True,100,130,25,2,"{'name': 'closeOpen', 'closing_kernel': array([[1, 1, 1, 1, 1, 1, 1]], dtype=uint8), 'opening_kernel': array([[1, 1, 1, 1, 1]], dtype=uint8), 'closing_iterations': 1, 'opening_iterations': 1}",1.0,28_adaptiveGaussian
29_adaptiveGaussian,adaptiveGaussian,closeOpen,True,True,100,255,25,2,"{'name': 'closeOpen', 'closing_kernel': array([[1, 1, 1, 1, 1, 1, 1]], dtype=uint8), 'opening_kernel': array([[1, 1, 1, 1, 1]], dtype=uint8), 'closing_iterations': 1, 'opening_iterations': 1}",1.0,29_adaptiveGaussian
30_adaptiveGaussian,adaptiveGaussian,closeOpen,True,False,0,130,25,2,"{'name': 'closeOpen', 'closing_kernel': array([[1, 1, 1, 1, 1, 1, 1]], dtype=uint8), 'opening_kernel': array([[1, 1, 1, 1, 1]], dtype=uint8), 'closing_iterations': 1, 'opening_iterations': 1}",1.0,30_adaptiveGaussian
31_adaptiveGaussian,adaptiveGaussian,closeOpen,True,False,0,255,25,2,"{'name': 'closeOpen', 'closing_kernel': array([[1, 1, 1, 1, 1, 1, 1]], dtype=uint8), 'opening_kernel': array([[1, 1, 1, 1, 1]], dtype=uint8), 'closing_iterations': 1, 'opening_iterations': 1}",1.0,31_adaptiveGaussian
32_adaptiveGaussian,adaptiveGaussian,closeOpen,True,False,70,130,25,2,"{'name': 'closeOpen', 'closing_kernel': array([[1, 1, 1, 1, 1, 1, 1]], dtype=uint8), 'opening_kernel': array([[1, 1, 1, 1, 1]], dtype=uint8), 'closing_iterations': 1, 'opening_iterations': 1}",1.0,32_adaptiveGaussian
33_adaptiveGaussian,adaptiveGaussian,closeOpen,True,False,70,255,25,2,"{'name': 'closeOpen', 'closing_kernel': array([[1, 1, 1, 1, 1, 1, 1]], dtype=uint8), 'opening_kernel': array([[1, 1, 1, 1, 1]], dtype=uint8), 'closing_iterations': 1, 'opening_iterations': 1}",1.0,33_adaptiveGaussian
34_adaptiveGaussian,adaptiveGaussian,closeOpen,True,False,100,130,25,2,"{'name': 'closeOpen', 'closing_kernel': array([[1, 1, 1, 1, 1, 1, 1]], dtype=uint8), 'opening_kernel': array([[1, 1, 1, 1, 1]], dtype=uint8), 'closing_iterations': 1, 'opening_iterations': 1}",1.0,34_adaptiveGaussian
35_adaptiveGaussian,adaptiveGaussian,closeOpen,True,False,100,255,25,2,"{'name': 'closeOpen', 'closing_kernel': array([[1, 1, 1, 1, 1, 1, 1]], dtype=uint8), 'opening_kernel': array([[1, 1, 1, 1, 1]], dtype=uint8), 'closing_iterations': 1, 'opening_iterations': 1}",1.0,35_adaptiveGaussian
36_adaptiveGaussian,adaptiveGaussian,closeOpen,False,True,0,130,25,2,"{'name': 'closeOpen', 'closing_kernel': array([[1, 1, 1, 1, 1, 1, 1]], dtype=uint8), 'opening_kernel': array([[1, 1, 1, 1, 1]], dtype=uint8), 'closing_iterations': 1, 'opening_iterations': 1}",1.0,36_adaptiveGaussian
37_adaptiveGaussian,adaptiveGaussian,closeOpen,False,True,0,255,25,2,"{'name': 'closeOpen', 'closing_kernel': array([[1, 1, 1, 1, 1, 1, 1]], dtype=uint8), 'opening_kernel': array([[1, 1, 1, 1, 1]], dtype=uint8), 'closing_iterations': 1, 'opening_iterations': 1}",1.0,37_adaptiveGaussian
38_adaptiveGaussian,adaptiveGaussian,closeOpen,False,True,70,130,25,2,"{'name': 'closeOpen', 'closing_kernel': array([[1, 1, 1, 1, 1, 1, 1]], dtype=uint8), 'opening_kernel': array([[1, 1, 1, 1, 1]], dtype=uint8), 'closing_iterations': 1, 'opening_iterations': 1}",1.0,38_adaptiveGaussian
39_adaptiveGaussian,adaptiveGaussian,closeOpen,False,True,70,255,25,2,"{'name': 'closeOpen', 'closing_kernel': array([[1, 1, 1, 1, 1, 1, 1]], dtype=uint8), 'opening_kernel': array([[1, 1, 1, 1, 1]], dtype=uint8), 'closing_iterations': 1, 'opening_iterations': 1}",1.0,39_adaptiveGaussian
40_adaptiveGaussian,adaptiveGaussian,closeOpen,False,True,100,130,25,2,"{'name': 'closeOpen', 'closing_kernel': array([[1, 1, 1, 1, 1, 1, 1]], dtype=uint8), 'opening_kernel': array([[1, 1, 1, 1, 1]], dtype=uint8), 'closing_iterations': 1, 'opening_iterations': 1}",1.0,40_adaptiveGaussian
41_adaptiveGaussian,adaptiveGaussian,closeOpen,False,True,100,255,25,2,"{'name': 'closeOpen', 'closing_kernel': array([[1, 1, 1, 1, 1, 1, 1]], dtype=uint8), 'opening_kernel': array([[1, 1, 1, 1, 1]], dtype=uint8), 'closing_iterations': 1, 'opening_iterations': 1}",1.0,41_adaptiveGaussian
42_adaptiveGaussian,adaptiveGaussian,closeOpen,False,False,0,130,25,2,"{'name': 'closeOpen', 'closing_kernel': array([[1, 1, 1, 1, 1, 1, 1]], dtype=uint8), 'opening_kernel': array([[1, 1, 1, 1, 1]], dtype=uint8), 'closing_iterations': 1, 'opening_iterations': 1}",1.0,42_adaptiveGaussian
43_adaptiveGaussian,adaptiveGaussian,closeOpen,False,False,0,255,25,2,"{'name': 'closeOpen', 'closing_kernel': array([[1, 1, 1, 1, 1, 1, 1]], dtype=uint8), 'opening_kernel': array([[1, 1, 1, 1, 1]], dtype=uint8), 'closing_iterations': 1, 'opening_iterations': 1}",1.0,43_adaptiveGaussian
44_adaptiveGaussian,adaptiveGaussian,closeOpen,False,False,70,130,25,2,"{'name': 'closeOpen', 'closing_kernel': array([[1, 1, 1, 1, 1, 1, 1]], dtype=uint8), 'opening_kernel': array([[1, 1, 1, 1, 1]], dtype=uint8), 'closing_iterations': 1, 'opening_iterations': 1}",1.0,44_adaptiveGaussian
45_adaptiveGaussian,adaptiveGaussian,closeOpen,False,False,70,255,25,2,"{'name': 'closeOpen', 'closing_kernel': array([[1, 1, 1, 1, 1, 1, 1]], dtype=uint8), 'opening_kernel': array([[1, 1, 1, 1, 1]], dtype=uint8), 'closing_iterations': 1, 'opening_iterations': 1}",1.0,45_adaptiveGaussian
46_adaptiveGaussian,adaptiveGaussian,closeOpen,False,False,100,130,25,2,"{'name': 'closeOpen', 'closing_kernel': array([[1, 1, 1, 1, 1, 1, 1]], dtype=uint8), 'opening_kernel': array([[1, 1, 1, 1, 1]], dtype=uint8), 'closing_iterations': 1, 'opening_iterations': 1}",1.0,46_adaptiveGaussian
47_adaptiveGaussian,adaptiveGaussian,closeOpen,False,False,100,255,25,2,"{'name': 'closeOpen', 'closing_kernel': array([[1, 1, 1, 1, 1, 1, 1]], dtype=uint8), 'opening_kernel': array([[1, 1, 1, 1, 1]], dtype=uint8), 'closing_iterations': 1, 'opening_iterations': 1}",1.0,47_adaptiveGaussian
0_ostuOffset,ostuOffset,closeOpen,True,True,100,130,25,2,"{'name': 'closeOpen', 'closing_kernel': array([[1, 1, 1, 1, 1, 1, 1]], dtype=uint8), 'opening_kernel': array([[1, 1, 1, 1, 1]], dtype=uint8), 'closing_iterations': 1, 'opening_iterations': 1}",0.8,0_ostuOffset
1_ostuOffset,ostuOffset,closeOpen,True,True,100,130,25,2,"{'name': 'closeOpen', 'closing_kernel': array([[1, 1, 1, 1, 1, 1, 1]], dtype=uint8), 'opening_kernel': array([[1, 1, 1, 1, 1]], dtype=uint8), 'closing_iterations': 1, 'opening_iterations': 1}",0.9,1_ostuOffset
2_ostuOffset,ostuOffset,closeOpen,True,True,100,130,25,2,"{'name': 'closeOpen', 'closing_kernel': array([[1, 1, 1, 1, 1, 1, 1]], dtype=uint8), 'opening_kernel': array([[1, 1, 1, 1, 1]], dtype=uint8), 'closing_iterations': 1, 'opening_iterations': 1}",1.0,2_ostuOffset
3_ostuOffset,ostuOffset,closeOpen,True,True,100,130,25,2,"{'name': 'closeOpen', 'closing_kernel': array([[1, 1, 1, 1, 1, 1, 1]], dtype=uint8), 'opening_kernel': array([[1, 1, 1, 1, 1]], dtype=uint8), 'closing_iterations': 1, 'opening_iterations': 1}",1.1,3_ostuOffset
4_ostuOffset,ostuOffset,closeOpen,True,True,100,130,25,2,"{'name': 'closeOpen', 'closing_kernel': array([[1, 1, 1, 1, 1, 1, 1]], dtype=uint8), 'opening_kernel': array([[1, 1, 1, 1, 1]], dtype=uint8), 'closing_iterations': 1, 'opening_iterations': 1}",1.2,4_ostuOffset
5_ostuOffset,ostuOffset,closeOpen,True,True,100,150,25,2,"{'name': 'closeOpen', 'closing_kernel': array([[1, 1, 1, 1, 1, 1, 1]], dtype=uint8), 'opening_kernel': array([[1, 1, 1, 1, 1]], dtype=uint8), 'closing_iterations': 1, 'opening_iterations': 1}",0.8,5_ostuOffset
6_ostuOffset,ostuOffset,closeOpen,True,True,100,150,25,2,"{'name': 'closeOpen', 'closing_kernel': array([[1, 1, 1, 1, 1, 1, 1]], dtype=uint8), 'opening_kernel': array([[1, 1, 1, 1, 1]], dtype=uint8), 'closing_iterations': 1, 'opening_iterations': 1}",0.9,6_ostuOffset
7_ostuOffset,ostuOffset,closeOpen,True,True,100,150,25,2,"{'name': 'closeOpen', 'closing_kernel': array([[1, 1, 1, 1, 1, 1, 1]], dtype=uint8), 'opening_kernel': array([[1, 1, 1, 1, 1]], dtype=uint8), 'closing_iterations': 1, 'opening_iterations': 1}",1.0,7_ostuOffset
8_ostuOffset,ostuOffset,closeOpen,True,True,100,150,25,2,"{'name': 'closeOpen', 'closing_kernel': array([[1, 1, 1, 1, 1, 1, 1]], dtype=uint8), 'opening_kernel': array([[1, 1, 1, 1, 1]], dtype=uint8), 'closing_iterations': 1, 'opening_iterations': 1}",1.1,8_ostuOffset
9_ostuOffset,ostuOffset,closeOpen,True,True,100,150,25,2,"{'name': 'closeOpen', 'closing_kernel': array([[1, 1, 1, 1, 1, 1, 1]], dtype=uint8), 'opening_kernel': array([[1, 1, 1, 1, 1]], dtype=uint8), 'closing_iterations': 1, 'opening_iterations': 1}",1.2,9_ostuOffset
10_ostuOffset,ostuOffset,closeOpen,True,True,100,175,25,2,"{'name': 'closeOpen', 'closing_kernel': array([[1, 1, 1, 1, 1, 1, 1]], dtype=uint8), 'opening_kernel': array([[1, 1, 1, 1, 1]], dtype=uint8), 'closing_iterations': 1, 'opening_iterations': 1}",0.8,10_ostuOffset
11_ostuOffset,ostuOffset,closeOpen,True,True,100,175,25,2,"{'name': 'closeOpen', 'closing_kernel': array([[1, 1, 1, 1, 1, 1, 1]], dtype=uint8), 'opening_kernel': array([[1, 1, 1, 1, 1]], dtype=uint8), 'closing_iterations': 1, 'opening_iterations': 1}",0.9,11_ostuOffset
12_ostuOffset,ostuOffset,closeOpen,True,True,100,175,25,2,"{'name': 'closeOpen', 'closing_kernel': array([[1, 1, 1, 1, 1, 1, 1]], dtype=uint8), 'opening_kernel': array([[1, 1, 1, 1, 1]], dtype=uint8), 'closing_iterations': 1, 'opening_iterations': 1}",1.0,12_ostuOffset
13_ostuOffset,ostuOffset,closeOpen,True,True,100,175,25,2,"{'name': 'closeOpen', 'closing_kernel': array([[1, 1, 1, 1, 1, 1, 1]], dtype=uint8), 'opening_kernel': array([[1, 1, 1, 1, 1]], dtype=uint8), 'closing_iterations': 1, 'opening_iterations': 1}",1.1,13_ostuOffset
14_ostuOffset,ostuOffset,closeOpen,True,True,100,175,25,2,"{'name': 'closeOpen', 'closing_kernel': array([[1, 1, 1, 1, 1, 1, 1]], dtype=uint8), 'opening_kernel': array([[1, 1, 1, 1, 1]], dtype=uint8), 'closing_iterations': 1, 'opening_iterations': 1}",1.2,14_ostuOffset
15_ostuOffset,ostuOffset,closeOpen,True,True,100,220,25,2,"{'name': 'closeOpen', 'closing_kernel': array([[1, 1, 1, 1, 1, 1, 1]], dtype=uint8), 'opening_kernel': array([[1, 1, 1, 1, 1]], dtype=uint8), 'closing_iterations': 1, 'opening_iterations': 1}",0.8,15_ostuOffset
16_ostuOffset,ostuOffset,closeOpen,True,True,100,220,25,2,"{'name': 'closeOpen', 'closing_kernel': array([[1, 1, 1, 1, 1, 1, 1]], dtype=uint8), 'opening_kernel': array([[1, 1, 1, 1, 1]], dtype=uint8), 'closing_iterations': 1, 'opening_iterations': 1}",0.9,16_ostuOffset
17_ostuOffset,ostuOffset,closeOpen,True,True,100,220,25,2,"{'name': 'closeOpen', 'closing_kernel': array([[1, 1, 1, 1, 1, 1, 1]], dtype=uint8), 'opening_kernel': array([[1, 1, 1, 1, 1]], dtype=uint8), 'closing_iterations': 1, 'opening_iterations': 1}",1.0,17_ostuOffset
18_ostuOffset,ostuOffset,closeOpen,True,True,100,220,25,2,"{'name': 'closeOpen', 'closing_kernel': array([[1, 1, 1, 1, 1, 1, 1]], dtype=uint8), 'opening_kernel': array([[1, 1, 1, 1, 1]], dtype=uint8), 'closing_iterations': 1, 'opening_iterations': 1}",1.1,18_ostuOffset
19_ostuOffset,ostuOffset,closeOpen,True,True,100,220,25,2,"{'name': 'closeOpen', 'closing_kernel': array([[1, 1, 1, 1, 1, 1, 1]], dtype=uint8), 'opening_kernel': array([[1, 1, 1, 1, 1]], dtype=uint8), 'closing_iterations': 1, 'opening_iterations': 1}",1.2,19_ostuOffset
20_ostuOffset,ostuOffset,closeOpen,True,True,100,255,25,2,"{'name': 'closeOpen', 'closing_kernel': array([[1, 1, 1, 1, 1, 1, 1]], dtype=uint8), 'opening_kernel': array([[1, 1, 1, 1, 1]], dtype=uint8), 'closing_iterations': 1, 'opening_iterations': 1}",0.8,20_ostuOffset
21_ostuOffset,ostuOffset,closeOpen,True,True,100,255,25,2,"{'name': 'closeOpen', 'closing_kernel': array([[1, 1, 1, 1, 1, 1, 1]], dtype=uint8), 'opening_kernel': array([[1, 1, 1, 1, 1]], dtype=uint8), 'closing_iterations': 1, 'opening_iterations': 1}",0.9,21_ostuOffset
22_ostuOffset,ostuOffset,closeOpen,True,True,100,255,25,2,"{'name': 'closeOpen', 'closing_kernel': array([[1, 1, 1, 1, 1, 1, 1]], dtype=uint8), 'opening_kernel': array([[1, 1, 1, 1, 1]], dtype=uint8), 'closing_iterations': 1, 'opening_iterations': 1}",1.0,22_ostuOffset
23_ostuOffset,ostuOffset,closeOpen,True,True,100,255,25,2,"{'name': 'closeOpen', 'closing_kernel': array([[1, 1, 1, 1, 1, 1, 1]], dtype=uint8), 'opening_kernel': array([[1, 1, 1, 1, 1]], dtype=uint8), 'closing_iterations': 1, 'opening_iterations': 1}",1.1,23_ostuOffset
24_ostuOffset,ostuOffset,closeOpen,True,True,100,255,25,2,"{'name': 'closeOpen', 'closing_kernel': array([[1, 1, 1, 1, 1, 1, 1]], dtype=uint8), 'opening_kernel': array([[1, 1, 1, 1, 1]], dtype=uint8), 'closing_iterations': 1, 'opening_iterations': 1}",1.2,24_ostuOffset
25_ostuOffset,ostuOffset,closeOpen,True,False,100,130,25,2,"{'name': 'closeOpen', 'closing_kernel': array([[1, 1, 1, 1, 1, 1, 1]], dtype=uint8), 'opening_kernel': array([[1, 1, 1, 1, 1]], dtype=uint8), 'closing_iterations': 1, 'opening_iterations': 1}",0.8,25_ostuOffset
26_ostuOffset,ostuOffset,closeOpen,True,False,100,130,25,2,"{'name': 'closeOpen', 'closing_kernel': array([[1, 1, 1, 1, 1, 1, 1]], dtype=uint8), 'opening_kernel': array([[1, 1, 1, 1, 1]], dtype=uint8), 'closing_iterations': 1, 'opening_iterations': 1}",0.9,26_ostuOffset
27_ostuOffset,ostuOffset,closeOpen,True,False,100,130,25,2,"{'name': 'closeOpen', 'closing_kernel': array([[1, 1, 1, 1, 1, 1, 1]], dtype=uint8), 'opening_kernel': array([[1, 1, 1, 1, 1]], dtype=uint8), 'closing_iterations': 1, 'opening_iterations': 1}",1.0,27_ostuOffset
28_ostuOffset,ostuOffset,closeOpen,True,False,100,130,25,2,"{'name': 'closeOpen', 'closing_kernel': array([[1, 1, 1, 1, 1, 1, 1]], dtype=uint8), 'opening_kernel': array([[1, 1, 1, 1, 1]], dtype=uint8), 'closing_iterations': 1, 'opening_iterations': 1}",1.1,28_ostuOffset
29_ostuOffset,ostuOffset,closeOpen,True,False,100,130,25,2,"{'name': 'closeOpen', 'closing_kernel': array([[1, 1, 1, 1, 1, 1, 1]], dtype=uint8), 'opening_kernel': array([[1, 1, 1, 1, 1]], dtype=uint8), 'closing_iterations': 1, 'opening_iterations': 1}",1.2,29_ostuOffset
30_ostuOffset,ostuOffset,closeOpen,True,False,100,150,25,2,"{'name': 'closeOpen', 'closing_kernel': array([[1, 1, 1, 1, 1, 1, 1]], dtype=uint8), 'opening_kernel': array([[1, 1, 1, 1, 1]], dtype=uint8), 'closing_iterations': 1, 'opening_iterations': 1}",0.8,30_ostuOffset
31_ostuOffset,ostuOffset,closeOpen,True,False,100,150,25,2,"{'name': 'closeOpen', 'closing_kernel': array([[1, 1, 1, 1, 1, 1, 1]], dtype=uint8), 'opening_kernel': array([[1, 1, 1, 1, 1]], dtype=uint8), 'closing_iterations': 1, 'opening_iterations': 1}",0.9,31_ostuOffset
32_ostuOffset,ostuOffset,closeOpen,True,False,100,150,25,2,"{'name': 'closeOpen', 'closing_kernel': array([[1, 1, 1, 1, 1, 1, 1]], dtype=uint8), 'opening_kernel': array([[1, 1, 1, 1, 1]], dtype=uint8), 'closing_iterations': 1, 'opening_iterations': 1}",1.0,32_ostuOffset
33_ostuOffset,ostuOffset,closeOpen,True,False,100,150,25,2,"{'name': 'closeOpen', 'closing_kernel': array([[1, 1, 1, 1, 1, 1, 1]], dtype=uint8), 'opening_kernel': array([[1, 1, 1, 1, 1]], dtype=uint8), 'closing_iterations': 1, 'opening_iterations': 1}",1.1,33_ostuOffset
34_ostuOffset,ostuOffset,closeOpen,True,False,100,150,25,2,"{'name': 'closeOpen', 'closing_kernel': array([[1, 1, 1, 1, 1, 1, 1]], dtype=uint8), 'opening_kernel': array([[1, 1, 1, 1, 1]], dtype=uint8), 'closing_iterations': 1, 'opening_iterations': 1}",1.2,34_ostuOffset
35_ostuOffset,ostuOffset,closeOpen,True,False,100,175,25,2,"{'name': 'closeOpen', 'closing_kernel': array([[1, 1, 1, 1, 1, 1, 1]], dtype=uint8), 'opening_kernel': array([[1, 1, 1, 1, 1]], dtype=uint8), 'closing_iterations': 1, 'opening_iterations': 1}",0.8,35_ostuOffset
36_ostuOffset,ostuOffset,closeOpen,True,False,100,175,25,2,"{'name': 'closeOpen', 'closing_kernel': array([[1, 1, 1, 1, 1, 1, 1]], dtype=uint8), 'opening_kernel': array([[1, 1, 1, 1, 1]], dtype=uint8), 'closing_iterations': 1, 'opening_iterations': 1}",0.9,36_ostuOffset
37_ostuOffset,ostuOffset,closeOpen,True,False,100,175,25,2,"{'name': 'closeOpen', 'closing_kernel': array([[1, 1, 1, 1, 1, 1, 1]], dtype=uint8), 'opening_kernel': array([[1, 1, 1, 1, 1]], dtype=uint8), 'closing_iterations': 1, 'opening_iterations': 1}",1.0,37_ostuOffset
38_ostuOffset,ostuOffset,closeOpen,True,False,100,175,25,2,"{'name': 'closeOpen', 'closing_kernel': array([[1, 1, 1, 1, 1, 1, 1]], dtype=uint8), 'opening_kernel': array([[1, 1, 1, 1, 1]], dtype=uint8), 'closing_iterations': 1, 'opening_iterations': 1}",1.1,38_ostuOffset
39_ostuOffset,ostuOffset,closeOpen,True,False,100,175,25,2,"{'name': 'closeOpen', 'closing_kernel': array([[1, 1, 1, 1, 1, 1, 1]], dtype=uint8), 'opening_kernel': array([[1, 1, 1, 1, 1]], dtype=uint8), 'closing_iterations': 1, 'opening_iterations': 1}",1.2,39_ostuOffset
40_ostuOffset,ostuOffset,closeOpen,True,False,100,220,25,2,"{'name': 'closeOpen', 'closing_kernel': array([[1, 1, 1, 1, 1, 1, 1]], dtype=uint8), 'opening_kernel': array([[1, 1, 1, 1, 1]], dtype=uint8), 'closing_iterations': 1, 'opening_iterations': 1}",0.8,40_ostuOffset
41_ostuOffset,ostuOffset,closeOpen,True,False,100,220,25,2,"{'name': 'closeOpen', 'closing_kernel': array([[1, 1, 1, 1, 1, 1, 1]], dtype=uint8), 'opening_kernel': array([[1, 1, 1, 1, 1]], dtype=uint8), 'closing_iterations': 1, 'opening_iterations': 1}",0.9,41_ostuOffset
42_ostuOffset,ostuOffset,closeOpen,True,False,100,220,25,2,"{'name': 'closeOpen', 'closing_kernel': array([[1, 1, 1, 1, 1, 1, 1]], dtype=uint8), 'opening_kernel': array([[1, 1, 1, 1, 1]], dtype=uint8), 'closing_iterations': 1, 'opening_iterations': 1}",1.0,42_ostuOffset
43_ostuOffset,ostuOffset,closeOpen,True,False,100,220,25,2,"{'name': 'closeOpen', 'closing_kernel': array([[1, 1, 1, 1, 1, 1, 1]], dtype=uint8), 'opening_kernel': array([[1, 1, 1, 1, 1]], dtype=uint8), 'closing_iterations': 1, 'opening_iterations': 1}",1.1,43_ostuOffset
44_ostuOffset,ostuOffset,closeOpen,True,False,100,220,25,2,"{'name': 'closeOpen', 'closing_kernel': array([[1, 1, 1, 1, 1, 1, 1]], dtype=uint8), 'opening_kernel': array([[1, 1, 1, 1, 1]], dtype=uint8), 'closing_iterations': 1, 'opening_iterations': 1}",1.2,44_ostuOffset
45_ostuOffset,ostuOffset,closeOpen,True,False,100,255,25,2,"{'name': 'closeOpen', 'closing_kernel': array([[1, 1, 1, 1, 1, 1, 1]], dtype=uint8), 'opening_kernel': array([[1, 1, 1, 1, 1]], dtype=uint8), 'closing_iterations': 1, 'opening_iterations': 1}",0.8,45_ostuOffset
46_ostuOffset,ostuOffset,closeOpen,True,False,100,255,25,2,"{'name': 'closeOpen', 'closing_kernel': array([[1, 1, 1, 1, 1, 1, 1]], dtype=uint8), 'opening_kernel': array([[1, 1, 1, 1, 1]], dtype=uint8), 'closing_iterations': 1, 'opening_iterations': 1}",0.9,46_ostuOffset
47_ostuOffset,ostuOffset,closeOpen,True,False,100,255,25,2,"{'name': 'closeOpen', 'closing_kernel': array([[1, 1, 1, 1, 1, 1, 1]], dtype=uint8), 'opening_kernel': array([[1, 1, 1, 1, 1]], dtype=uint8), 'closing_iterations': 1, 'opening_iterations': 1}",1.0,47_ostuOffset
48_ostuOffset,ostuOffset,closeOpen,True,False,100,255,25,2,"{'name': 'closeOpen', 'closing_kernel': array([[1, 1, 1, 1, 1, 1, 1]], dtype=uint8), 'opening_kernel': array([[1, 1, 1, 1, 1]], dtype=uint8), 'closing_iterations': 1, 'opening_iterations': 1}",1.1,48_ostuOffset
49_ostuOffset,ostuOffset,closeOpen,True,False,100,255,25,2,"{'name': 'closeOpen', 'closing_kernel': array([[1, 1, 1, 1, 1, 1, 1]], dtype=uint8), 'opening_kernel': array([[1, 1, 1, 1, 1]], dtype=uint8), 'closing_iterations': 1, 'opening_iterations': 1}",1.2,49_ostuOffset
50_ostuOffset,ostuOffset,closeOpen,False,True,100,130,25,2,"{'name': 'closeOpen', 'closing_kernel': array([[1, 1, 1, 1, 1, 1, 1]], dtype=uint8), 'opening_kernel': array([[1, 1, 1, 1, 1]], dtype=uint8), 'closing_iterations': 1, 'opening_iterations': 1}",0.8,50_ostuOffset
51_ostuOffset,ostuOffset,closeOpen,False,True,100,130,25,2,"{'name': 'closeOpen', 'closing_kernel': array([[1, 1, 1, 1, 1, 1, 1]], dtype=uint8), 'opening_kernel': array([[1, 1, 1, 1, 1]], dtype=uint8), 'closing_iterations': 1, 'opening_iterations': 1}",0.9,51_ostuOffset
52_ostuOffset,ostuOffset,closeOpen,False,True,100,130,25,2,"{'name': 'closeOpen', 'closing_kernel': array([[1, 1, 1, 1, 1, 1, 1]], dtype=uint8), 'opening_kernel': array([[1, 1, 1, 1, 1]], dtype=uint8), 'closing_iterations': 1, 'opening_iterations': 1}",1.0,52_ostuOffset
53_ostuOffset,ostuOffset,closeOpen,False,True,100,130,25,2,"{'name': 'closeOpen', 'closing_kernel': array([[1, 1, 1, 1, 1, 1, 1]], dtype=uint8), 'opening_kernel': array([[1, 1, 1, 1, 1]], dtype=uint8), 'closing_iterations': 1, 'opening_iterations': 1}",1.1,53_ostuOffset
54_ostuOffset,ostuOffset,closeOpen,False,True,100,130,25,2,"{'name': 'closeOpen', 'closing_kernel': array([[1, 1, 1, 1, 1, 1, 1]], dtype=uint8), 'opening_kernel': array([[1, 1, 1, 1, 1]], dtype=uint8), 'closing_iterations': 1, 'opening_iterations': 1}",1.2,54_ostuOffset
55_ostuOffset,ostuOffset,closeOpen,False,True,100,150,25,2,"{'name': 'closeOpen', 'closing_kernel': array([[1, 1, 1, 1, 1, 1, 1]], dtype=uint8), 'opening_kernel': array([[1, 1, 1, 1, 1]], dtype=uint8), 'closing_iterations': 1, 'opening_iterations': 1}",0.8,55_ostuOffset
56_ostuOffset,ostuOffset,closeOpen,False,True,100,150,25,2,"{'name': 'closeOpen', 'closing_kernel': array([[1, 1, 1, 1, 1, 1, 1]], dtype=uint8), 'opening_kernel': array([[1, 1, 1, 1, 1]], dtype=uint8), 'closing_iterations': 1, 'opening_iterations': 1}",0.9,56_ostuOffset
57_ostuOffset,ostuOffset,closeOpen,False,True,100,150,25,2,"{'name': 'closeOpen', 'closing_kernel': array([[1, 1, 1, 1, 1, 1, 1]], dtype=uint8), 'opening_kernel': array([[1, 1, 1, 1, 1]], dtype=uint8), 'closing_iterations': 1, 'opening_iterations': 1}",1.0,57_ostuOffset
58_ostuOffset,ostuOffset,closeOpen,False,True,100,150,25,2,"{'name': 'closeOpen', 'closing_kernel': array([[1, 1, 1, 1, 1, 1, 1]], dtype=uint8), 'opening_kernel': array([[1, 1, 1, 1, 1]], dtype=uint8), 'closing_iterations': 1, 'opening_iterations': 1}",1.1,58_ostuOffset
59_ostuOffset,ostuOffset,closeOpen,False,True,100,150,25,2,"{'name': 'closeOpen', 'closing_kernel': array([[1, 1, 1, 1, 1, 1, 1]], dtype=uint8), 'opening_kernel': array([[1, 1, 1, 1, 1]], dtype=uint8), 'closing_iterations': 1, 'opening_iterations': 1}",1.2,59_ostuOffset
60_ostuOffset,ostuOffset,closeOpen,False,True,100,175,25,2,"{'name': 'closeOpen', 'closing_kernel': array([[1, 1, 1, 1, 1, 1, 1]], dtype=uint8), 'opening_kernel': array([[1, 1, 1, 1, 1]], dtype=uint8), 'closing_iterations': 1, 'opening_iterations': 1}",0.8,60_ostuOffset
61_ostuOffset,ostuOffset,closeOpen,False,True,100,175,25,2,"{'name': 'closeOpen', 'closing_kernel': array([[1, 1, 1, 1, 1, 1, 1]], dtype=uint8), 'opening_kernel': array([[1, 1, 1, 1, 1]], dtype=uint8), 'closing_iterations': 1, 'opening_iterations': 1}",0.9,61_ostuOffset
62_ostuOffset,ostuOffset,closeOpen,False,True,100,175,25,2,"{'name': 'closeOpen', 'closing_kernel': array([[1, 1, 1, 1, 1, 1, 1]], dtype=uint8), 'opening_kernel': array([[1, 1, 1, 1, 1]], dtype=uint8), 'closing_iterations': 1, 'opening_iterations': 1}",1.0,62_ostuOffset
63_ostuOffset,ostuOffset,closeOpen,False,True,100,175,25,2,"{'name': 'closeOpen', 'closing_kernel': array([[1, 1, 1, 1, 1, 1, 1]], dtype=uint8), 'opening_kernel': array([[1, 1, 1, 1, 1]], dtype=uint8), 'closing_iterations': 1, 'opening_iterations': 1}",1.1,63_ostuOffset
64_ostuOffset,ostuOffset,closeOpen,False,True,100,175,25,2,"{'name': 'closeOpen', 'closing_kernel': array([[1, 1, 1, 1, 1, 1, 1]], dtype=uint8), 'opening_kernel': array([[1, 1, 1, 1, 1]], dtype=uint8), 'closing_iterations': 1, 'opening_iterations': 1}",1.2,64_ostuOffset
65_ostuOffset,ostuOffset,closeOpen,False,True,100,220,25,2,"{'name': 'closeOpen', 'closing_kernel': array([[1, 1, 1, 1, 1, 1, 1]], dtype=uint8), 'opening_kernel': array([[1, 1, 1, 1, 1]], dtype=uint8), 'closing_iterations': 1, 'opening_iterations': 1}",0.8,65_ostuOffset
66_ostuOffset,ostuOffset,closeOpen,False,True,100,220,25,2,"{'name': 'closeOpen', 'closing_kernel': array([[1, 1, 1, 1, 1, 1, 1]], dtype=uint8), 'opening_kernel': array([[1, 1, 1, 1, 1]], dtype=uint8), 'closing_iterations': 1, 'opening_iterations': 1}",0.9,66_ostuOffset
67_ostuOffset,ostuOffset,closeOpen,False,True,100,220,25,2,"{'name': 'closeOpen', 'closing_kernel': array([[1, 1, 1, 1, 1, 1, 1]], dtype=uint8), 'opening_kernel': array([[1, 1, 1, 1, 1]], dtype=uint8), 'closing_iterations': 1, 'opening_iterations': 1}",1.0,67_ostuOffset
68_ostuOffset,ostuOffset,closeOpen,False,True,100,220,25,2,"{'name': 'closeOpen', 'closing_kernel': array([[1, 1, 1, 1, 1, 1, 1]], dtype=uint8), 'opening_kernel': array([[1, 1, 1, 1, 1]], dtype=uint8), 'closing_iterations': 1, 'opening_iterations': 1}",1.1,68_ostuOffset
69_ostuOffset,ostuOffset,closeOpen,False,True,100,220,25,2,"{'name': 'closeOpen', 'closing_kernel': array([[1, 1, 1, 1, 1, 1, 1]], dtype=uint8), 'opening_kernel': array([[1, 1, 1, 1, 1]], dtype=uint8), 'closing_iterations': 1, 'opening_iterations': 1}",1.2,69_ostuOffset
70_ostuOffset,ostuOffset,closeOpen,False,True,100,255,25,2,"{'name': 'closeOpen', 'closing_kernel': array([[1, 1, 1, 1, 1, 1, 1]], dtype=uint8), 'opening_kernel': array([[1, 1, 1, 1, 1]], dtype=uint8), 'closing_iterations': 1, 'opening_iterations': 1}",0.8,70_ostuOffset
71_ostuOffset,ostuOffset,closeOpen,False,True,100,255,25,2,"{'name': 'closeOpen', 'closing_kernel': array([[1, 1, 1, 1, 1, 1, 1]], dtype=uint8), 'opening_kernel': array([[1, 1, 1, 1, 1]], dtype=uint8), 'closing_iterations': 1, 'opening_iterations': 1}",0.9,71_ostuOffset
72_ostuOffset,ostuOffset,closeOpen,False,True,100,255,25,2,"{'name': 'closeOpen', 'closing_kernel': array([[1, 1, 1, 1, 1, 1, 1]], dtype=uint8), 'opening_kernel': array([[1, 1, 1, 1, 1]], dtype=uint8), 'closing_iterations': 1, 'opening_iterations': 1}",1.0,72_ostuOffset
73_ostuOffset,ostuOffset,closeOpen,False,True,100,255,25,2,"{'name': 'closeOpen', 'closing_kernel': array([[1, 1, 1, 1, 1, 1, 1]], dtype=uint8), 'opening_kernel': array([[1, 1, 1, 1, 1]], dtype=uint8), 'closing_iterations': 1, 'opening_iterations': 1}",1.1,73_ostuOffset
74_ostuOffset,ostuOffset,closeOpen,False,True,100,255,25,2,"{'name': 'closeOpen', 'closing_kernel': array([[1, 1, 1, 1, 1, 1, 1]], dtype=uint8), 'opening_kernel': array([[1, 1, 1, 1, 1]], dtype=uint8), 'closing_iterations': 1, 'opening_iterations': 1}",1.2,74_ostuOffset
75_ostuOffset,ostuOffset,closeOpen,False,False,100,130,25,2,"{'name': 'closeOpen', 'closing_kernel': array([[1, 1, 1, 1, 1, 1, 1]], dtype=uint8), 'opening_kernel': array([[1, 1, 1, 1, 1]], dtype=uint8), 'closing_iterations': 1, 'opening_iterations': 1}",0.8,75_ostuOffset
76_ostuOffset,ostuOffset,closeOpen,False,False,100,130,25,2,"{'name': 'closeOpen', 'closing_kernel': array([[1, 1, 1, 1, 1, 1, 1]], dtype=uint8), 'opening_kernel': array([[1, 1, 1, 1, 1]], dtype=uint8), 'closing_iterations': 1, 'opening_iterations': 1}",0.9,76_ostuOffset
77_ostuOffset,ostuOffset,closeOpen,False,False,100,130,25,2,"{'name': 'closeOpen', 'closing_kernel': array([[1, 1, 1, 1, 1, 1, 1]], dtype=uint8), 'opening_kernel': array([[1, 1, 1, 1, 1]], dtype=uint8), 'closing_iterations': 1, 'opening_iterations': 1}",1.0,77_ostuOffset
78_ostuOffset,ostuOffset,closeOpen,False,False,100,130,25,2,"{'name': 'closeOpen', 'closing_kernel': array([[1, 1, 1, 1, 1, 1, 1]], dtype=uint8), 'opening_kernel': array([[1, 1, 1, 1, 1]], dtype=uint8), 'closing_iterations': 1, 'opening_iterations': 1}",1.1,78_ostuOffset
79_ostuOffset,ostuOffset,closeOpen,False,False,100,130,25,2,"{'name': 'closeOpen', 'closing_kernel': array([[1, 1, 1, 1, 1, 1, 1]], dtype=uint8), 'opening_kernel': array([[1, 1, 1, 1, 1]], dtype=uint8), 'closing_iterations': 1, 'opening_iterations': 1}",1.2,79_ostuOffset
80_ostuOffset,ostuOffset,closeOpen,False,False,100,150,25,2,"{'name': 'closeOpen', 'closing_kernel': array([[1, 1, 1, 1, 1, 1, 1]], dtype=uint8), 'opening_kernel': array([[1, 1, 1, 1, 1]], dtype=uint8), 'closing_iterations': 1, 'opening_iterations': 1}",0.8,80_ostuOffset
81_ostuOffset,ostuOffset,closeOpen,False,False,100,150,25,2,"{'name': 'closeOpen', 'closing_kernel': array([[1, 1, 1, 1, 1, 1, 1]], dtype=uint8), 'opening_kernel': array([[1, 1, 1, 1, 1]], dtype=uint8), 'closing_iterations': 1, 'opening_iterations': 1}",0.9,81_ostuOffset
82_ostuOffset,ostuOffset,closeOpen,False,False,100,150,25,2,"{'name': 'closeOpen', 'closing_kernel': array([[1, 1, 1, 1, 1, 1, 1]], dtype=uint8), 'opening_kernel': array([[1, 1, 1, 1, 1]], dtype=uint8), 'closing_iterations': 1, 'opening_iterations': 1}",1.0,82_ostuOffset
83_ostuOffset,ostuOffset,closeOpen,False,False,100,150,25,2,"{'name': 'closeOpen', 'closing_kernel': array([[1, 1, 1, 1, 1, 1, 1]], dtype=uint8), 'opening_kernel': array([[1, 1, 1, 1, 1]], dtype=uint8), 'closing_iterations': 1, 'opening_iterations': 1}",1.1,83_ostuOffset
84_ostuOffset,ostuOffset,closeOpen,False,False,100,150,25,2,"{'name': 'closeOpen', 'closing_kernel': array([[1, 1, 1, 1, 1, 1, 1]], dtype=uint8), 'opening_kernel': array([[1, 1, 1, 1, 1]], dtype=uint8), 'closing_iterations': 1, 'opening_iterations': 1}",1.2,84_ostuOffset
85_ostuOffset,ostuOffset,closeOpen,False,False,100,175,25,2,"{'name': 'closeOpen', 'closing_kernel': array([[1, 1, 1, 1, 1, 1, 1]], dtype=uint8), 'opening_kernel': array([[1, 1, 1, 1, 1]], dtype=uint8), 'closing_iterations': 1, 'opening_iterations': 1}",0.8,85_ostuOffset
86_ostuOffset,ostuOffset,closeOpen,False,False,100,175,25,2,"{'name': 'closeOpen', 'closing_kernel': array([[1, 1, 1, 1, 1, 1, 1]], dtype=uint8), 'opening_kernel': array([[1, 1, 1, 1, 1]], dtype=uint8), 'closing_iterations': 1, 'opening_iterations': 1}",0.9,86_ostuOffset
87_ostuOffset,ostuOffset,closeOpen,False,False,100,175,25,2,"{'name': 'closeOpen', 'closing_kernel': array([[1, 1, 1, 1, 1, 1, 1]], dtype=uint8), 'opening_kernel': array([[1, 1, 1, 1, 1]], dtype=uint8), 'closing_iterations': 1, 'opening_iterations': 1}",1.0,87_ostuOffset
88_ostuOffset,ostuOffset,closeOpen,False,False,100,175,25,2,"{'name': 'closeOpen', 'closing_kernel': array([[1, 1, 1, 1, 1, 1, 1]], dtype=uint8), 'opening_kernel': array([[1, 1, 1, 1, 1]], dtype=uint8), 'closing_iterations': 1, 'opening_iterations': 1}",1.1,88_ostuOffset
89_ostuOffset,ostuOffset,closeOpen,False,False,100,175,25,2,"{'name': 'closeOpen', 'closing_kernel': array([[1, 1, 1, 1, 1, 1, 1]], dtype=uint8), 'opening_kernel': array([[1, 1, 1, 1, 1]], dtype=uint8), 'closing_iterations': 1, 'opening_iterations': 1}",1.2,89_ostuOffset
90_ostuOffset,ostuOffset,closeOpen,False,False,100,220,25,2,"{'name': 'closeOpen', 'closing_kernel': array([[1, 1, 1, 1, 1, 1, 1]], dtype=uint8), 'opening_kernel': array([[1, 1, 1, 1, 1]], dtype=uint8), 'closing_iterations': 1, 'opening_iterations': 1}",0.8,90_ostuOffset
91_ostuOffset,ostuOffset,closeOpen,False,False,100,220,25,2,"{'name': 'closeOpen', 'closing_kernel': array([[1, 1, 1, 1, 1, 1, 1]], dtype=uint8), 'opening_kernel': array([[1, 1, 1, 1, 1]], dtype=uint8), 'closing_iterations': 1, 'opening_iterations': 1}",0.9,91_ostuOffset
92_ostuOffset,ostuOffset,closeOpen,False,False,100,220,25,2,"{'name': 'closeOpen', 'closing_kernel': array([[1, 1, 1, 1, 1, 1, 1]], dtype=uint8), 'opening_kernel': array([[1, 1, 1, 1, 1]], dtype=uint8), 'closing_iterations': 1, 'opening_iterations': 1}",1.0,92_ostuOffset
93_ostuOffset,ostuOffset,closeOpen,False,False,100,220,25,2,"{'name': 'closeOpen', 'closing_kernel': array([[1, 1, 1, 1, 1, 1, 1]], dtype=uint8), 'opening_kernel': array([[1, 1, 1, 1, 1]], dtype=uint8), 'closing_iterations': 1, 'opening_iterations': 1}",1.1,93_ostuOffset
94_ostuOffset,ostuOffset,closeOpen,False,False,100,220,25,2,"{'name': 'closeOpen', 'closing_kernel': array([[1, 1, 1, 1, 1, 1, 1]], dtype=uint8), 'opening_kernel': array([[1, 1, 1, 1, 1]], dtype=uint8), 'closing_iterations': 1, 'opening_iterations': 1}",1.2,94_ostuOffset
95_ostuOffset,ostuOffset,closeOpen,False,False,100,255,25,2,"{'name': 'closeOpen', 'closing_kernel': array([[1, 1, 1, 1, 1, 1, 1]], dtype=uint8), 'opening_kernel': array([[1, 1, 1, 1, 1]], dtype=uint8), 'closing_iterations': 1, 'opening_iterations': 1}",0.8,95_ostuOffset
96_ostuOffset,ostuOffset,closeOpen,False,False,100,255,25,2,"{'name': 'closeOpen', 'closing_kernel': array([[1, 1, 1, 1, 1, 1, 1]], dtype=uint8), 'opening_kernel': array([[1, 1, 1, 1, 1]], dtype=uint8), 'closing_iterations': 1, 'opening_iterations': 1}",0.9,96_ostuOffset
97_ostuOffset,ostuOffset,closeOpen,False,False,100,255,25,2,"{'name': 'closeOpen', 'closing_kernel': array([[1, 1, 1, 1, 1, 1, 1]], dtype=uint8), 'opening_kernel': array([[1, 1, 1, 1, 1]], dtype=uint8), 'closing_iterations': 1, 'opening_iterations': 1}",1.0,97_ostuOffset
98_ostuOffset,ostuOffset,closeOpen,False,False,100,255,25,2,"{'name': 'closeOpen', 'closing_kernel': array([[1, 1, 1, 1, 1, 1, 1]], dtype=uint8), 'opening_kernel': array([[1, 1, 1, 1, 1]], dtype=uint8), 'closing_iterations': 1, 'opening_iterations': 1}",1.1,98_ostuOffset
99_ostuOffset,ostuOffset,closeOpen,False,False,100,255,25,2,"{'name': 'closeOpen', 'closing_kernel': array([[1, 1, 1, 1, 1, 1, 1]], dtype=uint8), 'opening_kernel': array([[1, 1, 1, 1, 1]], dtype=uint8), 'closing_iterations': 1, 'opening_iterations': 1}",1.2,99_ostuOffset
