strip,image_name,px_per_nm,nm_per_px,scale,scale_pixels,grana_height,num_membrane,membrane_width,membrane_width_heights,outliers,peaks,type,index,process,membrane_type
0,output\processed_images\3_otsuOffset\membrane\strip_0.png,1.315,0.7604562737642585,200,263,103.34814814814816,11,25.84285714285715,7650.0,false,39,membrane,0,3_otsuOffset,outer
0,output\processed_images\3_otsuOffset\membrane\strip_0.png,1.315,0.7604562737642585,200,263,103.34814814814816,11,0.9285714285714306,11985.0,false,42,membrane,1,3_otsuOffset,inner
0,output\processed_images\3_otsuOffset\membrane\strip_0.png,1.315,0.7604562737642585,200,263,103.34814814814816,11,25.84285714285715,7650.0,false,49,membrane,2,3_otsuOffset,inner
0,output\processed_images\3_otsuOffset\membrane\strip_0.png,1.315,0.7604562737642585,200,263,103.34814814814816,11,0.625,13897.5,false,54,membrane,3,3_otsuOffset,inner
0,output\processed_images\3_otsuOffset\membrane\strip_0.png,1.315,0.7604562737642585,200,263,103.34814814814816,11,25.84285714285715,7650.0,false,58,membrane,4,3_otsuOffset,inner
0,output\processed_images\3_otsuOffset\membrane\strip_0.png,1.315,0.7604562737642585,200,263,103.34814814814816,11,17.21333333333334,7650.0,false,76,membrane,5,3_otsuOffset,inner
0,output\processed_images\3_otsuOffset\membrane\strip_0.png,1.315,0.7604562737642585,200,263,103.34814814814816,11,14.5,7650.0,false,92,membrane,6,3_otsuOffset,inner
0,output\processed_images\3_otsuOffset\membrane\strip_0.png,1.315,0.7604562737642585,200,263,103.34814814814816,11,14.5,7650.0,false,99,membrane,7,3_otsuOffset,inner
0,output\processed_images\3_otsuOffset\membrane\strip_0.png,1.315,0.7604562737642585,200,263,103.34814814814816,11,4.532258064516128,7650.0,false,113,membrane,8,3_otsuOffset,inner
0,output\processed_images\3_otsuOffset\membrane\strip_0.png,1.315,0.7604562737642585,200,263,103.34814814814816,11,9.089285714285708,7650.0,false,121,membrane,9,3_otsuOffset,inner
0,output\processed_images\3_otsuOffset\membrane\strip_0.png,1.315,0.7604562737642585,200,263,103.34814814814816,11,7.115890083632024,7650.0,false,134,membrane,10,3_otsuOffset,outer
1,output\processed_images\3_otsuOffset\membrane\strip_1.png,1.315,0.7604562737642585,200,263,161.50154798761608,21,6.153508771929825,7650.0,false,14,membrane,0,3_otsuOffset,outer
1,output\processed_images\3_otsuOffset\membrane\strip_1.png,1.315,0.7604562737642585,200,263,161.50154798761608,21,0.8999999999999986,13005.0,false,25,membrane,1,3_otsuOffset,inner
1,output\processed_images\3_otsuOffset\membrane\strip_1.png,1.315,0.7604562737642585,200,263,161.50154798761608,21,13.522727272727273,7012.5,false,28,membrane,2,3_otsuOffset,inner
1,output\processed_images\3_otsuOffset\membrane\strip_1.png,1.315,0.7604562737642585,200,263,161.50154798761608,21,2.787878787878789,12495.0,false,34,membrane,3,3_otsuOffset,inner
1,output\processed_images\3_otsuOffset\membrane\strip_1.png,1.315,0.7604562737642585,200,263,161.50154798761608,21,13.936335403726709,7650.0,false,46,membrane,4,3_otsuOffset,inner
1,output\processed_images\3_otsuOffset\membrane\strip_1.png,1.315,0.7604562737642585,200,263,161.50154798761608,21,1.1076923076923038,10200.0,false,53,membrane,5,3_otsuOffset,inner
1,output\processed_images\3_otsuOffset\membrane\strip_1.png,1.315,0.7604562737642585,200,263,161.50154798761608,21,2.857142857142861,10965.0,false,57,membrane,6,3_otsuOffset,inner
1,output\processed_images\3_otsuOffset\membrane\strip_1.png,1.315,0.7604562737642585,200,263,161.50154798761608,21,5.479166666666671,7650.0,false,69,membrane,7,3_otsuOffset,inner
1,output\processed_images\3_otsuOffset\membrane\strip_1.png,1.315,0.7604562737642585,200,263,161.50154798761608,21,2.5714285714285694,5610.0,false,79,membrane,8,3_otsuOffset,inner
1,output\processed_images\3_otsuOffset\membrane\strip_1.png,1.315,0.7604562737642585,200,263,161.50154798761608,21,2.0,4335.0,false,87,membrane,9,3_otsuOffset,inner
1,output\processed_images\3_otsuOffset\membrane\strip_1.png,1.315,0.7604562737642585,200,263,161.50154798761608,21,10.0,7650.0,false,94,membrane,10,3_otsuOffset,inner
1,output\processed_images\3_otsuOffset\membrane\strip_1.png,1.315,0.7604562737642585,200,263,161.50154798761608,21,0.529411764705884,12622.5,false,97,membrane,11,3_otsuOffset,inner
1,output\processed_images\3_otsuOffset\membrane\strip_1.png,1.315,0.7604562737642585,200,263,161.50154798761608,21,0.625,8542.5,false,99,membrane,12,3_otsuOffset,inner
1,output\processed_images\3_otsuOffset\membrane\strip_1.png,1.315,0.7604562737642585,200,263,161.50154798761608,21,13.420168067226882,7650.0,false,115,membrane,13,3_otsuOffset,inner
1,output\processed_images\3_otsuOffset\membrane\strip_1.png,1.315,0.7604562737642585,200,263,161.50154798761608,21,0.7857142857142918,8415.0,false,121,membrane,14,3_otsuOffset,inner
1,output\processed_images\3_otsuOffset\membrane\strip_1.png,1.315,0.7604562737642585,200,263,161.50154798761608,21,2.2954545454545325,8032.5,false,129,membrane,15,3_otsuOffset,inner
1,output\processed_images\3_otsuOffset\membrane\strip_1.png,1.315,0.7604562737642585,200,263,161.50154798761608,21,7.285714285714278,6885.0,false,136,membrane,16,3_otsuOffset,inner
1,output\processed_images\3_otsuOffset\membrane\strip_1.png,1.315,0.7604562737642585,200,263,161.50154798761608,21,9.731707317073159,7650.0,false,150,membrane,17,3_otsuOffset,inner
1,output\processed_images\3_otsuOffset\membrane\strip_1.png,1.315,0.7604562737642585,200,263,161.50154798761608,21,1.6666666666666572,13132.5,false,153,membrane,18,3_otsuOffset,inner
1,output\processed_images\3_otsuOffset\membrane\strip_1.png,1.315,0.7604562737642585,200,263,161.50154798761608,21,1.5625,7777.5,false,159,membrane,19,3_otsuOffset,inner
1,output\processed_images\3_otsuOffset\membrane\strip_1.png,1.315,0.7604562737642585,200,263,161.50154798761608,21,5.031372549019608,6630.0,false,170,membrane,20,3_otsuOffset,outer
10,output\processed_images\3_otsuOffset\membrane\strip_10.png,1.315,0.7604562737642585,200,263,81.65808823529412,12,7.470588235294116,7650.0,false,33,membrane,0,3_otsuOffset,outer
10,output\processed_images\3_otsuOffset\membrane\strip_10.png,1.315,0.7604562737642585,200,263,81.65808823529412,12,0.5555555555555571,10837.5,false,43,membrane,1,3_otsuOffset,inner
10,output\processed_images\3_otsuOffset\membrane\strip_10.png,1.315,0.7604562737642585,200,263,81.65808823529412,12,0.5833333333333357,12112.5,false,45,membrane,2,3_otsuOffset,inner
10,output\processed_images\3_otsuOffset\membrane\strip_10.png,1.315,0.7604562737642585,200,263,81.65808823529412,12,12.967016491754123,7650.0,false,47,membrane,3,3_otsuOffset,inner
10,output\processed_images\3_otsuOffset\membrane\strip_10.png,1.315,0.7604562737642585,200,263,81.65808823529412,12,12.967016491754123,7650.0,false,51,membrane,4,3_otsuOffset,inner
10,output\processed_images\3_otsuOffset\membrane\strip_10.png,1.315,0.7604562737642585,200,263,81.65808823529412,12,14.914285714285718,7650.0,false,68,membrane,5,3_otsuOffset,inner
10,output\processed_images\3_otsuOffset\membrane\strip_10.png,1.315,0.7604562737642585,200,263,81.65808823529412,12,0.5750000000000028,9562.5,false,75,membrane,6,3_otsuOffset,inner
10,output\processed_images\3_otsuOffset\membrane\strip_10.png,1.315,0.7604562737642585,200,263,81.65808823529412,12,0.5714285714285694,14407.5,false,85,membrane,7,3_otsuOffset,inner
10,output\processed_images\3_otsuOffset\membrane\strip_10.png,1.315,0.7604562737642585,200,263,81.65808823529412,12,15.18452380952381,7650.0,false,88,membrane,8,3_otsuOffset,inner
10,output\processed_images\3_otsuOffset\membrane\strip_10.png,1.315,0.7604562737642585,200,263,81.65808823529412,12,15.18452380952381,7650.0,false,94,membrane,9,3_otsuOffset,inner
10,output\processed_images\3_otsuOffset\membrane\strip_10.png,1.315,0.7604562737642585,200,263,81.65808823529412,12,15.18452380952381,7650.0,false,96,membrane,10,3_otsuOffset,inner
10,output\processed_images\3_otsuOffset\membrane\strip_10.png,1.315,0.7604562737642585,200,263,81.65808823529412,12,8.131944444444443,7650.0,false,106,membrane,11,3_otsuOffset,outer
11,output\processed_images\3_otsuOffset\membrane\strip_11.png,1.315,0.7604562737642585,200,263,80.05741626794259,6,8.048128342245992,7650.0,false,35,membrane,0,3_otsuOffset,outer
11,output\processed_images\3_otsuOffset\membrane\strip_11.png,1.315,0.7604562737642585,200,263,80.05741626794259,6,14.253846153846155,7650.0,false,51,membrane,1,3_otsuOffset,inner
11,output\processed_images\3_otsuOffset\membrane\strip_11.png,1.315,0.7604562737642585,200,263,80.05741626794259,6,15.147368421052633,7650.0,false,73,membrane,2,3_otsuOffset,inner
11,output\processed_images\3_otsuOffset\membrane\strip_11.png,1.315,0.7604562737642585,200,263,80.05741626794259,6,12.384615384615373,7650.0,false,91,membrane,3,3_otsuOffset,inner
11,output\processed_images\3_otsuOffset\membrane\strip_11.png,1.315,0.7604562737642585,200,263,80.05741626794259,6,0.7252747252747298,8160.0,false,100,membrane,4,3_otsuOffset,inner
11,output\processed_images\3_otsuOffset\membrane\strip_11.png,1.315,0.7604562737642585,200,263,80.05741626794259,6,5.9924812030075145,7650.0,false,108,membrane,5,3_otsuOffset,outer
12,output\processed_images\3_otsuOffset\membrane\strip_12.png,1.315,0.7604562737642585,200,263,143.98809523809524,17,6.2023809523809526,7650.0,false,19,membrane,0,3_otsuOffset,outer
12,output\processed_images\3_otsuOffset\membrane\strip_12.png,1.315,0.7604562737642585,200,263,143.98809523809524,17,13.047619047619047,7650.0,false,32,membrane,1,3_otsuOffset,inner
12,output\processed_images\3_otsuOffset\membrane\strip_12.png,1.315,0.7604562737642585,200,263,143.98809523809524,17,13.047619047619047,7650.0,false,39,membrane,2,3_otsuOffset,inner
12,output\processed_images\3_otsuOffset\membrane\strip_12.png,1.315,0.7604562737642585,200,263,143.98809523809524,17,14.692307692307693,7650.0,false,54,membrane,3,3_otsuOffset,inner
12,output\processed_images\3_otsuOffset\membrane\strip_12.png,1.315,0.7604562737642585,200,263,143.98809523809524,17,14.692307692307693,7650.0,false,60,membrane,4,3_otsuOffset,inner
12,output\processed_images\3_otsuOffset\membrane\strip_12.png,1.315,0.7604562737642585,200,263,143.98809523809524,17,5.5428571428571445,7905.0,false,75,membrane,5,3_otsuOffset,inner
12,output\processed_images\3_otsuOffset\membrane\strip_12.png,1.315,0.7604562737642585,200,263,143.98809523809524,17,4.155195681511472,6247.5,false,81,membrane,6,3_otsuOffset,inner
12,output\processed_images\3_otsuOffset\membrane\strip_12.png,1.315,0.7604562737642585,200,263,143.98809523809524,17,0.5555555555555571,11602.5,false,92,membrane,7,3_otsuOffset,inner
12,output\processed_images\3_otsuOffset\membrane\strip_12.png,1.315,0.7604562737642585,200,263,143.98809523809524,17,6.875,7012.5,false,94,membrane,8,3_otsuOffset,inner
12,output\processed_images\3_otsuOffset\membrane\strip_12.png,1.315,0.7604562737642585,200,263,143.98809523809524,17,0.6666666666666714,7650.0,false,97,membrane,9,3_otsuOffset,inner
12,output\processed_images\3_otsuOffset\membrane\strip_12.png,1.315,0.7604562737642585,200,263,143.98809523809524,17,2.8550420168067205,8032.5,false,101,membrane,10,3_otsuOffset,inner
12,output\processed_images\3_otsuOffset\membrane\strip_12.png,1.315,0.7604562737642585,200,263,143.98809523809524,17,12.280745341614917,7650.0,false,111,membrane,11,3_otsuOffset,inner
12,output\processed_images\3_otsuOffset\membrane\strip_12.png,1.315,0.7604562737642585,200,263,143.98809523809524,17,1.5833333333333286,12367.5,false,118,membrane,12,3_otsuOffset,inner
12,output\processed_images\3_otsuOffset\membrane\strip_12.png,1.315,0.7604562737642585,200,263,143.98809523809524,17,4.514285714285705,10582.5,false,120,membrane,13,3_otsuOffset,inner
12,output\processed_images\3_otsuOffset\membrane\strip_12.png,1.315,0.7604562737642585,200,263,143.98809523809524,17,4.701631701631726,7650.0,false,133,membrane,14,3_otsuOffset,inner
12,output\processed_images\3_otsuOffset\membrane\strip_12.png,1.315,0.7604562737642585,200,263,143.98809523809524,17,5.055555555555543,7650.0,false,141,membrane,15,3_otsuOffset,inner
12,output\processed_images\3_otsuOffset\membrane\strip_12.png,1.315,0.7604562737642585,200,263,143.98809523809524,17,13.444444444444429,7650.0,false,154,membrane,16,3_otsuOffset,outer
14,output\processed_images\3_otsuOffset\membrane\strip_14.png,1.315,0.7604562737642585,200,263,66.08353808353807,8,7.033033033033032,7650.0,false,34,membrane,0,3_otsuOffset,outer
14,output\processed_images\3_otsuOffset\membrane\strip_14.png,1.315,0.7604562737642585,200,263,66.08353808353807,8,2.5,3825.0,false,43,membrane,1,3_otsuOffset,inner
14,output\processed_images\3_otsuOffset\membrane\strip_14.png,1.315,0.7604562737642585,200,263,66.08353808353807,8,14.406451612903226,7650.0,false,47,membrane,2,3_otsuOffset,inner
14,output\processed_images\3_otsuOffset\membrane\strip_14.png,1.315,0.7604562737642585,200,263,66.08353808353807,8,14.406451612903226,7650.0,false,54,membrane,3,3_otsuOffset,inner
14,output\processed_images\3_otsuOffset\membrane\strip_14.png,1.315,0.7604562737642585,200,263,66.08353808353807,8,0.875,2805.0,false,62,membrane,4,3_otsuOffset,inner
14,output\processed_images\3_otsuOffset\membrane\strip_14.png,1.315,0.7604562737642585,200,263,66.08353808353807,8,14.385185185185186,7650.0,false,71,membrane,5,3_otsuOffset,inner
14,output\processed_images\3_otsuOffset\membrane\strip_14.png,1.315,0.7604562737642585,200,263,66.08353808353807,8,14.992727272727265,7650.0,false,85,membrane,6,3_otsuOffset,inner
14,output\processed_images\3_otsuOffset\membrane\strip_14.png,1.315,0.7604562737642585,200,263,66.08353808353807,8,14.992727272727265,7650.0,false,92,membrane,7,3_otsuOffset,outer
15,output\processed_images\3_otsuOffset\membrane\strip_15.png,1.315,0.7604562737642585,200,263,156.03157894736842,21,7.6,6885.0,false,18,membrane,0,3_otsuOffset,outer
15,output\processed_images\3_otsuOffset\membrane\strip_15.png,1.315,0.7604562737642585,200,263,156.03157894736842,21,0.5833333333333321,8797.5,false,22,membrane,1,3_otsuOffset,inner
15,output\processed_images\3_otsuOffset\membrane\strip_15.png,1.315,0.7604562737642585,200,263,156.03157894736842,21,12.143939393939394,7650.0,false,33,membrane,2,3_otsuOffset,inner
15,output\processed_images\3_otsuOffset\membrane\strip_15.png,1.315,0.7604562737642585,200,263,156.03157894736842,21,0.625,12877.5,false,37,membrane,3,3_otsuOffset,inner
15,output\processed_images\3_otsuOffset\membrane\strip_15.png,1.315,0.7604562737642585,200,263,156.03157894736842,21,0.9444444444444429,13005.0,false,39,membrane,4,3_otsuOffset,inner
15,output\processed_images\3_otsuOffset\membrane\strip_15.png,1.315,0.7604562737642585,200,263,156.03157894736842,21,12.704545454545453,7650.0,false,51,membrane,5,3_otsuOffset,inner
15,output\processed_images\3_otsuOffset\membrane\strip_15.png,1.315,0.7604562737642585,200,263,156.03157894736842,21,2.0,13132.5,false,54,membrane,6,3_otsuOffset,inner
15,output\processed_images\3_otsuOffset\membrane\strip_15.png,1.315,0.7604562737642585,200,263,156.03157894736842,21,12.704545454545453,7650.0,false,57,membrane,7,3_otsuOffset,inner
15,output\processed_images\3_otsuOffset\membrane\strip_15.png,1.315,0.7604562737642585,200,263,156.03157894736842,21,13.57386363636364,7650.0,false,69,membrane,8,3_otsuOffset,inner
15,output\processed_images\3_otsuOffset\membrane\strip_15.png,1.315,0.7604562737642585,200,263,156.03157894736842,21,13.57386363636364,7650.0,false,77,membrane,9,3_otsuOffset,inner
15,output\processed_images\3_otsuOffset\membrane\strip_15.png,1.315,0.7604562737642585,200,263,156.03157894736842,21,4.6509803921568675,7140.0,false,90,membrane,10,3_otsuOffset,inner
15,output\processed_images\3_otsuOffset\membrane\strip_15.png,1.315,0.7604562737642585,200,263,156.03157894736842,21,4.611111111111114,5610.0,false,113,membrane,11,3_otsuOffset,inner
15,output\processed_images\3_otsuOffset\membrane\strip_15.png,1.315,0.7604562737642585,200,263,156.03157894736842,21,5.4297082228116835,7140.0,false,120,membrane,12,3_otsuOffset,inner
15,output\processed_images\3_otsuOffset\membrane\strip_15.png,1.315,0.7604562737642585,200,263,156.03157894736842,21,0.5666666666666629,11730.0,false,130,membrane,13,3_otsuOffset,inner
15,output\processed_images\3_otsuOffset\membrane\strip_15.png,1.315,0.7604562737642585,200,263,156.03157894736842,21,3.1333333333333258,9562.5,false,132,membrane,14,3_otsuOffset,inner
15,output\processed_images\3_otsuOffset\membrane\strip_15.png,1.315,0.7604562737642585,200,263,156.03157894736842,21,6.731707317073159,7650.0,false,139,membrane,15,3_otsuOffset,inner
15,output\processed_images\3_otsuOffset\membrane\strip_15.png,1.315,0.7604562737642585,200,263,156.03157894736842,21,9.733333333333348,7650.0,false,152,membrane,16,3_otsuOffset,inner
15,output\processed_images\3_otsuOffset\membrane\strip_15.png,1.315,0.7604562737642585,200,263,156.03157894736842,21,1.6458333333333428,8542.5,false,159,membrane,17,3_otsuOffset,inner
15,output\processed_images\3_otsuOffset\membrane\strip_15.png,1.315,0.7604562737642585,200,263,156.03157894736842,21,0.5357142857142776,3442.5,false,162,membrane,18,3_otsuOffset,inner
15,output\processed_images\3_otsuOffset\membrane\strip_15.png,1.315,0.7604562737642585,200,263,156.03157894736842,21,0.75,13642.5,false,167,membrane,19,3_otsuOffset,inner
15,output\processed_images\3_otsuOffset\membrane\strip_15.png,1.315,0.7604562737642585,200,263,156.03157894736842,21,6.054655870445345,7650.0,false,169,membrane,20,3_otsuOffset,outer
16,output\processed_images\3_otsuOffset\membrane\strip_16.png,1.315,0.7604562737642585,200,263,41.20940170940171,4,9.967320261437912,7650.0,false,28,membrane,0,3_otsuOffset,outer
16,output\processed_images\3_otsuOffset\membrane\strip_16.png,1.315,0.7604562737642585,200,263,41.20940170940171,4,15.434065934065934,7650.0,false,43,membrane,1,3_otsuOffset,inner
16,output\processed_images\3_otsuOffset\membrane\strip_16.png,1.315,0.7604562737642585,200,263,41.20940170940171,4,0.6538461538461533,13515.0,false,57,membrane,2,3_otsuOffset,inner
16,output\processed_images\3_otsuOffset\membrane\strip_16.png,1.315,0.7604562737642585,200,263,41.20940170940171,4,8.939560439560438,7650.0,false,60,membrane,3,3_otsuOffset,outer
19,output\processed_images\3_otsuOffset\membrane\strip_19.png,1.315,0.7604562737642585,200,263,129.32222222222222,16,0.6000000000000014,2295.0,false,29,membrane,0,3_otsuOffset,outer
19,output\processed_images\3_otsuOffset\membrane\strip_19.png,1.315,0.7604562737642585,200,263,129.32222222222222,16,6.75,9180.0,false,33,membrane,1,3_otsuOffset,inner
19,output\processed_images\3_otsuOffset\membrane\strip_19.png,1.315,0.7604562737642585,200,263,129.32222222222222,16,6.75,9180.0,false,36,membrane,2,3_otsuOffset,inner
19,output\processed_images\3_otsuOffset\membrane\strip_19.png,1.315,0.7604562737642585,200,263,129.32222222222222,16,0.5750000000000028,8542.5,false,43,membrane,3,3_otsuOffset,inner
19,output\processed_images\3_otsuOffset\membrane\strip_19.png,1.315,0.7604562737642585,200,263,129.32222222222222,16,13.291666666666664,7650.0,false,50,membrane,4,3_otsuOffset,inner
19,output\processed_images\3_otsuOffset\membrane\strip_19.png,1.315,0.7604562737642585,200,263,129.32222222222222,16,0.6923076923076934,12367.5,false,54,membrane,5,3_otsuOffset,inner
19,output\processed_images\3_otsuOffset\membrane\strip_19.png,1.315,0.7604562737642585,200,263,129.32222222222222,16,13.318885448916404,7650.0,false,68,membrane,6,3_otsuOffset,inner
19,output\processed_images\3_otsuOffset\membrane\strip_19.png,1.315,0.7604562737642585,200,263,129.32222222222222,16,1.0,12495.0,false,74,membrane,7,3_otsuOffset,inner
19,output\processed_images\3_otsuOffset\membrane\strip_19.png,1.315,0.7604562737642585,200,263,129.32222222222222,16,4.0,11475.0,false,76,membrane,8,3_otsuOffset,inner
19,output\processed_images\3_otsuOffset\membrane\strip_19.png,1.315,0.7604562737642585,200,263,129.32222222222222,16,15.166666666666671,7650.0,false,92,membrane,9,3_otsuOffset,inner
19,output\processed_images\3_otsuOffset\membrane\strip_19.png,1.315,0.7604562737642585,200,263,129.32222222222222,16,15.166666666666671,7650.0,false,97,membrane,10,3_otsuOffset,inner
19,output\processed_images\3_otsuOffset\membrane\strip_19.png,1.315,0.7604562737642585,200,263,129.32222222222222,16,12.858387799564284,7650.0,false,116,membrane,11,3_otsuOffset,inner
19,output\processed_images\3_otsuOffset\membrane\strip_19.png,1.315,0.7604562737642585,200,263,129.32222222222222,16,1.0,14407.5,false,136,membrane,12,3_otsuOffset,inner
19,output\processed_images\3_otsuOffset\membrane\strip_19.png,1.315,0.7604562737642585,200,263,129.32222222222222,16,10.770935960591146,7650.0,false,140,membrane,13,3_otsuOffset,inner
19,output\processed_images\3_otsuOffset\membrane\strip_19.png,1.315,0.7604562737642585,200,263,129.32222222222222,16,1.0,2422.5,false,146,membrane,14,3_otsuOffset,inner
19,output\processed_images\3_otsuOffset\membrane\strip_19.png,1.315,0.7604562737642585,200,263,129.32222222222222,16,6.801169590643269,7650.0,false,154,membrane,15,3_otsuOffset,outer
2,output\processed_images\3_otsuOffset\membrane\strip_2.png,1.315,0.7604562737642585,200,263,162.38095238095238,22,6.900000000000002,7650.0,false,24,membrane,0,3_otsuOffset,outer
2,output\processed_images\3_otsuOffset\membrane\strip_2.png,1.315,0.7604562737642585,200,263,162.38095238095238,22,0.7222222222222214,13005.0,false,34,membrane,1,3_otsuOffset,inner
2,output\processed_images\3_otsuOffset\membrane\strip_2.png,1.315,0.7604562737642585,200,263,162.38095238095238,22,12.928695652173914,7650.0,false,36,membrane,2,3_otsuOffset,inner
2,output\processed_images\3_otsuOffset\membrane\strip_2.png,1.315,0.7604562737642585,200,263,162.38095238095238,22,1.6527777777777786,11730.0,false,43,membrane,3,3_otsuOffset,inner
2,output\processed_images\3_otsuOffset\membrane\strip_2.png,1.315,0.7604562737642585,200,263,162.38095238095238,22,9.153846153846153,7650.0,false,56,membrane,4,3_otsuOffset,inner
2,output\processed_images\3_otsuOffset\membrane\strip_2.png,1.315,0.7604562737642585,200,263,162.38095238095238,22,1.8041666666666671,10582.5,false,61,membrane,5,3_otsuOffset,inner
2,output\processed_images\3_otsuOffset\membrane\strip_2.png,1.315,0.7604562737642585,200,263,162.38095238095238,22,0.5250000000000057,4972.5,false,65,membrane,6,3_otsuOffset,inner
2,output\processed_images\3_otsuOffset\membrane\strip_2.png,1.315,0.7604562737642585,200,263,162.38095238095238,22,6.25,7395.0,false,78,membrane,7,3_otsuOffset,inner
2,output\processed_images\3_otsuOffset\membrane\strip_2.png,1.315,0.7604562737642585,200,263,162.38095238095238,22,1.0,6885.0,false,83,membrane,8,3_otsuOffset,inner
2,output\processed_images\3_otsuOffset\membrane\strip_2.png,1.315,0.7604562737642585,200,263,162.38095238095238,22,1.59375,7522.5,false,89,membrane,9,3_otsuOffset,inner
2,output\processed_images\3_otsuOffset\membrane\strip_2.png,1.315,0.7604562737642585,200,263,162.38095238095238,22,1.125,3187.5,false,95,membrane,10,3_otsuOffset,inner
2,output\processed_images\3_otsuOffset\membrane\strip_2.png,1.315,0.7604562737642585,200,263,162.38095238095238,22,7.700854700854691,7650.0,false,103,membrane,11,3_otsuOffset,inner
2,output\processed_images\3_otsuOffset\membrane\strip_2.png,1.315,0.7604562737642585,200,263,162.38095238095238,22,0.6666666666666714,7777.5,false,108,membrane,12,3_otsuOffset,inner
2,output\processed_images\3_otsuOffset\membrane\strip_2.png,1.315,0.7604562737642585,200,263,162.38095238095238,22,3.0,7140.0,false,112,membrane,13,3_otsuOffset,inner
2,output\processed_images\3_otsuOffset\membrane\strip_2.png,1.315,0.7604562737642585,200,263,162.38095238095238,22,14.6875,7650.0,false,123,membrane,14,3_otsuOffset,inner
2,output\processed_images\3_otsuOffset\membrane\strip_2.png,1.315,0.7604562737642585,200,263,162.38095238095238,22,2.4375,10200.0,false,130,membrane,15,3_otsuOffset,inner
2,output\processed_images\3_otsuOffset\membrane\strip_2.png,1.315,0.7604562737642585,200,263,162.38095238095238,22,1.2152777777777999,6757.5,false,138,membrane,16,3_otsuOffset,inner
2,output\processed_images\3_otsuOffset\membrane\strip_2.png,1.315,0.7604562737642585,200,263,162.38095238095238,22,9.688235294117646,5865.0,false,145,membrane,17,3_otsuOffset,inner
2,output\processed_images\3_otsuOffset\membrane\strip_2.png,1.315,0.7604562737642585,200,263,162.38095238095238,22,1.5,8670.0,false,149,membrane,18,3_otsuOffset,inner
2,output\processed_images\3_otsuOffset\membrane\strip_2.png,1.315,0.7604562737642585,200,263,162.38095238095238,22,7.870588235294122,7650.0,false,163,membrane,19,3_otsuOffset,inner
2,output\processed_images\3_otsuOffset\membrane\strip_2.png,1.315,0.7604562737642585,200,263,162.38095238095238,22,2.5909090909090935,9435.0,false,170,membrane,20,3_otsuOffset,inner
2,output\processed_images\3_otsuOffset\membrane\strip_2.png,1.315,0.7604562737642585,200,263,162.38095238095238,22,5.089285714285722,7650.0,false,179,membrane,21,3_otsuOffset,outer
20,output\processed_images\3_otsuOffset\membrane\strip_20.png,1.315,0.7604562737642585,200,263,63.00840336134454,4,8.252747252747255,7650.0,false,38,membrane,0,3_otsuOffset,outer
20,output\processed_images\3_otsuOffset\membrane\strip_20.png,1.315,0.7604562737642585,200,263,63.00840336134454,4,13.94675925925926,7650.0,false,54,membrane,1,3_otsuOffset,inner
20,output\processed_images\3_otsuOffset\membrane\strip_20.png,1.315,0.7604562737642585,200,263,63.00840336134454,4,14.378947368421052,7650.0,false,76,membrane,2,3_otsuOffset,inner
20,output\processed_images\3_otsuOffset\membrane\strip_20.png,1.315,0.7604562737642585,200,263,63.00840336134454,4,9.210784313725497,7650.0,false,91,membrane,3,3_otsuOffset,outer
21,output\processed_images\3_otsuOffset\membrane\strip_21.png,1.315,0.7604562737642585,200,263,88.73739130434782,9,6.309473684210527,7650.0,false,31,membrane,0,3_otsuOffset,outer
21,output\processed_images\3_otsuOffset\membrane\strip_21.png,1.315,0.7604562737642585,200,263,88.73739130434782,9,11.879120879120876,7650.0,false,41,membrane,1,3_otsuOffset,inner
21,output\processed_images\3_otsuOffset\membrane\strip_21.png,1.315,0.7604562737642585,200,263,88.73739130434782,9,2.544642857142854,10837.5,false,47,membrane,2,3_otsuOffset,inner
21,output\processed_images\3_otsuOffset\membrane\strip_21.png,1.315,0.7604562737642585,200,263,88.73739130434782,9,12.458333333333329,7650.0,false,58,membrane,3,3_otsuOffset,inner
21,output\processed_images\3_otsuOffset\membrane\strip_21.png,1.315,0.7604562737642585,200,263,88.73739130434782,9,12.458333333333329,7650.0,false,64,membrane,4,3_otsuOffset,inner
21,output\processed_images\3_otsuOffset\membrane\strip_21.png,1.315,0.7604562737642585,200,263,88.73739130434782,9,12.095833333333331,7650.0,false,80,membrane,5,3_otsuOffset,inner
21,output\processed_images\3_otsuOffset\membrane\strip_21.png,1.315,0.7604562737642585,200,263,88.73739130434782,9,12.0,7650.0,false,93,membrane,6,3_otsuOffset,inner
21,output\processed_images\3_otsuOffset\membrane\strip_21.png,1.315,0.7604562737642585,200,263,88.73739130434782,9,12.0,7650.0,false,99,membrane,7,3_otsuOffset,inner
21,output\processed_images\3_otsuOffset\membrane\strip_21.png,1.315,0.7604562737642585,200,263,88.73739130434782,9,6.448160535117054,7650.0,false,113,membrane,8,3_otsuOffset,outer
22,output\processed_images\3_otsuOffset\membrane\strip_22.png,1.315,0.7604562737642585,200,263,89.42307692307693,9,7.642857142857146,7650.0,false,51,membrane,0,3_otsuOffset,outer
22,output\processed_images\3_otsuOffset\membrane\strip_22.png,1.315,0.7604562737642585,200,263,89.42307692307693,9,0.6875,11985.0,false,55,membrane,1,3_otsuOffset,inner
22,output\processed_images\3_otsuOffset\membrane\strip_22.png,1.315,0.7604562737642585,200,263,89.42307692307693,9,14.331932773109237,7650.0,false,65,membrane,2,3_otsuOffset,inner
22,output\processed_images\3_otsuOffset\membrane\strip_22.png,1.315,0.7604562737642585,200,263,89.42307692307693,9,13.367701863354043,7650.0,false,85,membrane,3,3_otsuOffset,inner
22,output\processed_images\3_otsuOffset\membrane\strip_22.png,1.315,0.7604562737642585,200,263,89.42307692307693,9,0.7999999999999972,6120.0,false,93,membrane,4,3_otsuOffset,inner
22,output\processed_images\3_otsuOffset\membrane\strip_22.png,1.315,0.7604562737642585,200,263,89.42307692307693,9,14.334841628959268,7650.0,false,102,membrane,5,3_otsuOffset,inner
22,output\processed_images\3_otsuOffset\membrane\strip_22.png,1.315,0.7604562737642585,200,263,89.42307692307693,9,14.369565217391298,7650.0,false,119,membrane,6,3_otsuOffset,inner
22,output\processed_images\3_otsuOffset\membrane\strip_22.png,1.315,0.7604562737642585,200,263,89.42307692307693,9,8.756410256410277,7650.0,false,133,membrane,7,3_otsuOffset,inner
22,output\processed_images\3_otsuOffset\membrane\strip_22.png,1.315,0.7604562737642585,200,263,89.42307692307693,9,0.7692307692307736,9817.5,false,137,membrane,8,3_otsuOffset,outer
23,output\processed_images\3_otsuOffset\membrane\strip_23.png,1.315,0.7604562737642585,200,263,140.27083333333334,11,6.5,7650.0,false,42,membrane,0,3_otsuOffset,outer
23,output\processed_images\3_otsuOffset\membrane\strip_23.png,1.315,0.7604562737642585,200,263,140.27083333333334,11,14.383333333333333,7650.0,false,60,membrane,1,3_otsuOffset,inner
23,output\processed_images\3_otsuOffset\membrane\strip_23.png,1.315,0.7604562737642585,200,263,140.27083333333334,11,13.119021134593993,7650.0,false,79,membrane,2,3_otsuOffset,inner
23,output\processed_images\3_otsuOffset\membrane\strip_23.png,1.315,0.7604562737642585,200,263,140.27083333333334,11,13.805194805194802,7650.0,false,97,membrane,3,3_otsuOffset,inner
23,output\processed_images\3_otsuOffset\membrane\strip_23.png,1.315,0.7604562737642585,200,263,140.27083333333334,11,1.3333333333333286,14025.0,false,102,membrane,4,3_otsuOffset,inner
23,output\processed_images\3_otsuOffset\membrane\strip_23.png,1.315,0.7604562737642585,200,263,140.27083333333334,11,0.6190476190476204,11985.0,false,115,membrane,5,3_otsuOffset,inner
23,output\processed_images\3_otsuOffset\membrane\strip_23.png,1.315,0.7604562737642585,200,263,140.27083333333334,11,12.935574229691866,7650.0,false,121,membrane,6,3_otsuOffset,inner
23,output\processed_images\3_otsuOffset\membrane\strip_23.png,1.315,0.7604562737642585,200,263,140.27083333333334,11,0.5555555555555429,8287.5,false,134,membrane,7,3_otsuOffset,inner
23,output\processed_images\3_otsuOffset\membrane\strip_23.png,1.315,0.7604562737642585,200,263,140.27083333333334,11,13.420289855072468,7650.0,false,141,membrane,8,3_otsuOffset,inner
23,output\processed_images\3_otsuOffset\membrane\strip_23.png,1.315,0.7604562737642585,200,263,140.27083333333334,11,14.623824451410655,7650.0,false,161,membrane,9,3_otsuOffset,inner
23,output\processed_images\3_otsuOffset\membrane\strip_23.png,1.315,0.7604562737642585,200,263,140.27083333333334,11,8.270833333333343,7650.0,false,175,membrane,10,3_otsuOffset,outer
24,output\processed_images\3_otsuOffset\membrane\strip_24.png,1.315,0.7604562737642585,200,263,59.29166666666666,4,7.520833333333332,7650.0,false,33,membrane,0,3_otsuOffset,outer
24,output\processed_images\3_otsuOffset\membrane\strip_24.png,1.315,0.7604562737642585,200,263,59.29166666666666,4,14.42857142857143,7650.0,false,48,membrane,1,3_otsuOffset,inner
24,output\processed_images\3_otsuOffset\membrane\strip_24.png,1.315,0.7604562737642585,200,263,59.29166666666666,4,14.121428571428567,7650.0,false,70,membrane,2,3_otsuOffset,inner
24,output\processed_images\3_otsuOffset\membrane\strip_24.png,1.315,0.7604562737642585,200,263,59.29166666666666,4,9.541666666666657,7650.0,false,85,membrane,3,3_otsuOffset,outer
25,output\processed_images\3_otsuOffset\membrane\strip_25.png,1.315,0.7604562737642585,200,263,75.26068376068378,4,27.00512820512821,7650.0,false,46,membrane,0,3_otsuOffset,outer
25,output\processed_images\3_otsuOffset\membrane\strip_25.png,1.315,0.7604562737642585,200,263,75.26068376068378,4,14.444852941176464,7650.0,false,73,membrane,1,3_otsuOffset,inner
25,output\processed_images\3_otsuOffset\membrane\strip_25.png,1.315,0.7604562737642585,200,263,75.26068376068378,4,14.045588235294119,7650.0,false,90,membrane,2,3_otsuOffset,inner
25,output\processed_images\3_otsuOffset\membrane\strip_25.png,1.315,0.7604562737642585,200,263,75.26068376068378,4,6.115079365079367,7650.0,false,103,membrane,3,3_otsuOffset,outer
26,output\processed_images\3_otsuOffset\membrane\strip_26.png,1.315,0.7604562737642585,200,263,93.70319303338172,7,7.888507718696395,7650.0,false,33,membrane,0,3_otsuOffset,outer
26,output\processed_images\3_otsuOffset\membrane\strip_26.png,1.315,0.7604562737642585,200,263,93.70319303338172,7,12.23988005997002,7650.0,false,47,membrane,1,3_otsuOffset,inner
26,output\processed_images\3_otsuOffset\membrane\strip_26.png,1.315,0.7604562737642585,200,263,93.70319303338172,7,0.7000000000000028,9945.0,false,62,membrane,2,3_otsuOffset,inner
26,output\processed_images\3_otsuOffset\membrane\strip_26.png,1.315,0.7604562737642585,200,263,93.70319303338172,7,9.935960591133004,7650.0,false,67,membrane,3,3_otsuOffset,inner
26,output\processed_images\3_otsuOffset\membrane\strip_26.png,1.315,0.7604562737642585,200,263,93.70319303338172,7,11.722222222222229,7650.0,false,86,membrane,4,3_otsuOffset,inner
26,output\processed_images\3_otsuOffset\membrane\strip_26.png,1.315,0.7604562737642585,200,263,93.70319303338172,7,13.240000000000009,7650.0,false,104,membrane,5,3_otsuOffset,inner
26,output\processed_images\3_otsuOffset\membrane\strip_26.png,1.315,0.7604562737642585,200,263,93.70319303338172,7,6.852564102564102,7650.0,false,119,membrane,6,3_otsuOffset,outer
27,output\processed_images\3_otsuOffset\membrane\strip_27.png,0.88,1.1363636363636365,500,440,97.78947368421052,8,5.399999999999999,8160.0,false,27,membrane,0,3_otsuOffset,outer
27,output\processed_images\3_otsuOffset\membrane\strip_27.png,0.88,1.1363636363636365,500,440,97.78947368421052,8,9.620689655172413,7650.0,false,40,membrane,1,3_otsuOffset,inner
27,output\processed_images\3_otsuOffset\membrane\strip_27.png,0.88,1.1363636363636365,500,440,97.78947368421052,8,9.71325051759834,7650.0,false,54,membrane,2,3_otsuOffset,inner
27,output\processed_images\3_otsuOffset\membrane\strip_27.png,0.88,1.1363636363636365,500,440,97.78947368421052,8,9.71325051759834,7650.0,false,58,membrane,3,3_otsuOffset,inner
27,output\processed_images\3_otsuOffset\membrane\strip_27.png,0.88,1.1363636363636365,500,440,97.78947368421052,8,10.89377289377289,7650.0,false,72,membrane,4,3_otsuOffset,inner
27,output\processed_images\3_otsuOffset\membrane\strip_27.png,0.88,1.1363636363636365,500,440,97.78947368421052,8,9.341269841269849,7650.0,false,86,membrane,5,3_otsuOffset,inner
27,output\processed_images\3_otsuOffset\membrane\strip_27.png,0.88,1.1363636363636365,500,440,97.78947368421052,8,7.916666666666657,7650.0,false,103,membrane,6,3_otsuOffset,inner
27,output\processed_images\3_otsuOffset\membrane\strip_27.png,0.88,1.1363636363636365,500,440,97.78947368421052,8,9.28947368421052,7650.0,false,117,membrane,7,3_otsuOffset,outer
28,output\processed_images\3_otsuOffset\membrane\strip_28.png,0.88,1.1363636363636365,500,440,79.19157088122606,7,5.6013071895424815,7140.0,false,35,membrane,0,3_otsuOffset,outer
28,output\processed_images\3_otsuOffset\membrane\strip_28.png,0.88,1.1363636363636365,500,440,79.19157088122606,7,0.5416666666666643,5865.0,false,38,membrane,1,3_otsuOffset,inner
28,output\processed_images\3_otsuOffset\membrane\strip_28.png,0.88,1.1363636363636365,500,440,79.19157088122606,7,10.947674418604649,7650.0,false,46,membrane,2,3_otsuOffset,inner
28,output\processed_images\3_otsuOffset\membrane\strip_28.png,0.88,1.1363636363636365,500,440,79.19157088122606,7,11.469079939668177,7650.0,false,62,membrane,3,3_otsuOffset,inner
28,output\processed_images\3_otsuOffset\membrane\strip_28.png,0.88,1.1363636363636365,500,440,79.19157088122606,7,10.419047619047632,7650.0,false,77,membrane,4,3_otsuOffset,inner
28,output\processed_images\3_otsuOffset\membrane\strip_28.png,0.88,1.1363636363636365,500,440,79.19157088122606,7,11.520630157539387,7650.0,false,93,membrane,5,3_otsuOffset,inner
28,output\processed_images\3_otsuOffset\membrane\strip_28.png,0.88,1.1363636363636365,500,440,79.19157088122606,7,7.4137931034482705,7650.0,false,107,membrane,6,3_otsuOffset,outer
29,output\processed_images\3_otsuOffset\membrane\strip_29.png,0.88,1.1363636363636365,500,440,123.05514705882354,12,5.337499999999999,7650.0,false,29,membrane,0,3_otsuOffset,outer
29,output\processed_images\3_otsuOffset\membrane\strip_29.png,0.88,1.1363636363636365,500,440,123.05514705882354,12,9.878787878787882,7650.0,false,38,membrane,1,3_otsuOffset,inner
29,output\processed_images\3_otsuOffset\membrane\strip_29.png,0.88,1.1363636363636365,500,440,123.05514705882354,12,9.878787878787882,7650.0,false,42,membrane,2,3_otsuOffset,inner
29,output\processed_images\3_otsuOffset\membrane\strip_29.png,0.88,1.1363636363636365,500,440,123.05514705882354,12,9.389097744360903,7650.0,false,57,membrane,3,3_otsuOffset,inner
29,output\processed_images\3_otsuOffset\membrane\strip_29.png,0.88,1.1363636363636365,500,440,123.05514705882354,12,8.58543417366947,7650.0,false,71,membrane,4,3_otsuOffset,inner
29,output\processed_images\3_otsuOffset\membrane\strip_29.png,0.88,1.1363636363636365,500,440,123.05514705882354,12,0.5714285714285694,11347.5,false,75,membrane,5,3_otsuOffset,inner
29,output\processed_images\3_otsuOffset\membrane\strip_29.png,0.88,1.1363636363636365,500,440,123.05514705882354,12,8.193609022556402,7650.0,false,84,membrane,6,3_otsuOffset,inner
29,output\processed_images\3_otsuOffset\membrane\strip_29.png,0.88,1.1363636363636365,500,440,123.05514705882354,12,8.193609022556402,7650.0,false,87,membrane,7,3_otsuOffset,inner
29,output\processed_images\3_otsuOffset\membrane\strip_29.png,0.88,1.1363636363636365,500,440,123.05514705882354,12,9.003367003367003,7650.0,false,100,membrane,8,3_otsuOffset,inner
29,output\processed_images\3_otsuOffset\membrane\strip_29.png,0.88,1.1363636363636365,500,440,123.05514705882354,12,8.649122807017534,7650.0,false,117,membrane,9,3_otsuOffset,inner
29,output\processed_images\3_otsuOffset\membrane\strip_29.png,0.88,1.1363636363636365,500,440,123.05514705882354,12,9.277777777777771,7650.0,false,135,membrane,10,3_otsuOffset,inner
29,output\processed_images\3_otsuOffset\membrane\strip_29.png,0.88,1.1363636363636365,500,440,123.05514705882354,12,5.117647058823536,7140.0,false,148,membrane,11,3_otsuOffset,outer
30,output\processed_images\3_otsuOffset\membrane\strip_30.png,0.88,1.1363636363636365,500,440,191.96875,20,5.21875,7650.0,false,50,membrane,0,3_otsuOffset,outer
30,output\processed_images\3_otsuOffset\membrane\strip_30.png,0.88,1.1363636363636365,500,440,191.96875,20,9.759999999999991,7650.0,false,61,membrane,1,3_otsuOffset,inner
30,output\processed_images\3_otsuOffset\membrane\strip_30.png,0.88,1.1363636363636365,500,440,191.96875,20,8.175757575757572,7650.0,false,78,membrane,2,3_otsuOffset,inner
30,output\processed_images\3_otsuOffset\membrane\strip_30.png,0.88,1.1363636363636365,500,440,191.96875,20,8.090909090909093,7650.0,false,91,membrane,3,3_otsuOffset,inner
30,output\processed_images\3_otsuOffset\membrane\strip_30.png,0.88,1.1363636363636365,500,440,191.96875,20,8.090909090909093,7650.0,false,94,membrane,4,3_otsuOffset,inner
30,output\processed_images\3_otsuOffset\membrane\strip_30.png,0.88,1.1363636363636365,500,440,191.96875,20,10.381766381766383,7650.0,false,106,membrane,5,3_otsuOffset,inner
30,output\processed_images\3_otsuOffset\membrane\strip_30.png,0.88,1.1363636363636365,500,440,191.96875,20,0.538461538461533,11347.5,false,110,membrane,6,3_otsuOffset,inner
30,output\processed_images\3_otsuOffset\membrane\strip_30.png,0.88,1.1363636363636365,500,440,191.96875,20,9.017647058823542,7650.0,false,121,membrane,7,3_otsuOffset,inner
30,output\processed_images\3_otsuOffset\membrane\strip_30.png,0.88,1.1363636363636365,500,440,191.96875,20,8.357487922705332,7650.0,false,137,membrane,8,3_otsuOffset,inner
30,output\processed_images\3_otsuOffset\membrane\strip_30.png,0.88,1.1363636363636365,500,440,191.96875,20,9.759552042160749,7650.0,false,152,membrane,9,3_otsuOffset,inner
30,output\processed_images\3_otsuOffset\membrane\strip_30.png,0.88,1.1363636363636365,500,440,191.96875,20,8.681818181818187,7650.0,false,164,membrane,10,3_otsuOffset,inner
30,output\processed_images\3_otsuOffset\membrane\strip_30.png,0.88,1.1363636363636365,500,440,191.96875,20,0.7142857142857224,12367.5,false,168,membrane,11,3_otsuOffset,inner
30,output\processed_images\3_otsuOffset\membrane\strip_30.png,0.88,1.1363636363636365,500,440,191.96875,20,1.6500000000000057,3442.5,false,176,membrane,12,3_otsuOffset,inner
30,output\processed_images\3_otsuOffset\membrane\strip_30.png,0.88,1.1363636363636365,500,440,191.96875,20,6.4090909090909065,7650.0,false,181,membrane,13,3_otsuOffset,inner
30,output\processed_images\3_otsuOffset\membrane\strip_30.png,0.88,1.1363636363636365,500,440,191.96875,20,0.7727272727272805,11220.0,false,184,membrane,14,3_otsuOffset,inner
30,output\processed_images\3_otsuOffset\membrane\strip_30.png,0.88,1.1363636363636365,500,440,191.96875,20,8.043422733077904,7650.0,false,196,membrane,15,3_otsuOffset,inner
30,output\processed_images\3_otsuOffset\membrane\strip_30.png,0.88,1.1363636363636365,500,440,191.96875,20,7.666666666666686,7650.0,false,210,membrane,16,3_otsuOffset,inner
30,output\processed_images\3_otsuOffset\membrane\strip_30.png,0.88,1.1363636363636365,500,440,191.96875,20,0.625,10200.0,false,221,membrane,17,3_otsuOffset,inner
30,output\processed_images\3_otsuOffset\membrane\strip_30.png,0.88,1.1363636363636365,500,440,191.96875,20,9.624242424242425,7650.0,false,224,membrane,18,3_otsuOffset,inner
30,output\processed_images\3_otsuOffset\membrane\strip_30.png,0.88,1.1363636363636365,500,440,191.96875,20,5.833333333333343,7650.0,false,235,membrane,19,3_otsuOffset,outer
31,output\processed_images\3_otsuOffset\membrane\strip_31.png,0.88,1.1363636363636365,500,440,127.99142857142859,20,3.9825000000000017,6120.0,false,33,membrane,0,3_otsuOffset,outer
31,output\processed_images\3_otsuOffset\membrane\strip_31.png,0.88,1.1363636363636365,500,440,127.99142857142859,20,8.347826086956523,7650.0,false,44,membrane,1,3_otsuOffset,inner
31,output\processed_images\3_otsuOffset\membrane\strip_31.png,0.88,1.1363636363636365,500,440,127.99142857142859,20,8.347826086956523,7650.0,false,47,membrane,2,3_otsuOffset,inner
31,output\processed_images\3_otsuOffset\membrane\strip_31.png,0.88,1.1363636363636365,500,440,127.99142857142859,20,4.0,7650.0,false,59,membrane,3,3_otsuOffset,inner
31,output\processed_images\3_otsuOffset\membrane\strip_31.png,0.88,1.1363636363636365,500,440,127.99142857142859,20,1.4666666666666686,8160.0,false,63,membrane,4,3_otsuOffset,inner
31,output\processed_images\3_otsuOffset\membrane\strip_31.png,0.88,1.1363636363636365,500,440,127.99142857142859,20,0.558823529411768,11475.0,false,72,membrane,5,3_otsuOffset,inner
31,output\processed_images\3_otsuOffset\membrane\strip_31.png,0.88,1.1363636363636365,500,440,127.99142857142859,20,8.607843137254903,7650.0,false,76,membrane,6,3_otsuOffset,inner
31,output\processed_images\3_otsuOffset\membrane\strip_31.png,0.88,1.1363636363636365,500,440,127.99142857142859,20,1.6666666666666714,3825.0,false,82,membrane,7,3_otsuOffset,inner
31,output\processed_images\3_otsuOffset\membrane\strip_31.png,0.88,1.1363636363636365,500,440,127.99142857142859,20,8.933333333333337,7650.0,false,91,membrane,8,3_otsuOffset,inner
31,output\processed_images\3_otsuOffset\membrane\strip_31.png,0.88,1.1363636363636365,500,440,127.99142857142859,20,8.933333333333337,7650.0,false,94,membrane,9,3_otsuOffset,inner
31,output\processed_images\3_otsuOffset\membrane\strip_31.png,0.88,1.1363636363636365,500,440,127.99142857142859,20,0.5925925925925952,13132.5,false,106,membrane,10,3_otsuOffset,inner
31,output\processed_images\3_otsuOffset\membrane\strip_31.png,0.88,1.1363636363636365,500,440,127.99142857142859,20,6.763888888888886,7650.0,false,109,membrane,11,3_otsuOffset,inner
31,output\processed_images\3_otsuOffset\membrane\strip_31.png,0.88,1.1363636363636365,500,440,127.99142857142859,20,8.631578947368425,7650.0,false,124,membrane,12,3_otsuOffset,inner
31,output\processed_images\3_otsuOffset\membrane\strip_31.png,0.88,1.1363636363636365,500,440,127.99142857142859,20,0.6052631578947398,8415.0,false,128,membrane,13,3_otsuOffset,inner
31,output\processed_images\3_otsuOffset\membrane\strip_31.png,0.88,1.1363636363636365,500,440,127.99142857142859,20,0.9015151515151558,4717.5,false,132,membrane,14,3_otsuOffset,inner
31,output\processed_images\3_otsuOffset\membrane\strip_31.png,0.88,1.1363636363636365,500,440,127.99142857142859,20,0.7083333333333428,10582.5,false,135,membrane,15,3_otsuOffset,inner
31,output\processed_images\3_otsuOffset\membrane\strip_31.png,0.88,1.1363636363636365,500,440,127.99142857142859,20,3.928571428571445,7650.0,false,137,membrane,16,3_otsuOffset,inner
31,output\processed_images\3_otsuOffset\membrane\strip_31.png,0.88,1.1363636363636365,500,440,127.99142857142859,20,2.1833333333333087,8925.0,false,140,membrane,17,3_otsuOffset,inner
31,output\processed_images\3_otsuOffset\membrane\strip_31.png,0.88,1.1363636363636365,500,440,127.99142857142859,20,1.9000000000000057,3315.0,false,148,membrane,18,3_otsuOffset,inner
31,output\processed_images\3_otsuOffset\membrane\strip_31.png,0.88,1.1363636363636365,500,440,127.99142857142859,20,9.154761904761926,7650.0,false,153,membrane,19,3_otsuOffset,outer
32,output\processed_images\3_otsuOffset\membrane\strip_32.png,0.88,1.1363636363636365,500,440,98.44642857142857,12,6.5238095238095255,7650.0,false,30,membrane,0,3_otsuOffset,outer
32,output\processed_images\3_otsuOffset\membrane\strip_32.png,0.88,1.1363636363636365,500,440,98.44642857142857,12,7.636363636363633,7650.0,false,44,membrane,1,3_otsuOffset,inner
32,output\processed_images\3_otsuOffset\membrane\strip_32.png,0.88,1.1363636363636365,500,440,98.44642857142857,12,0.8333333333333357,2295.0,false,51,membrane,2,3_otsuOffset,inner
32,output\processed_images\3_otsuOffset\membrane\strip_32.png,0.88,1.1363636363636365,500,440,98.44642857142857,12,8.444444444444443,7650.0,false,58,membrane,3,3_otsuOffset,inner
32,output\processed_images\3_otsuOffset\membrane\strip_32.png,0.88,1.1363636363636365,500,440,98.44642857142857,12,8.444444444444443,7650.0,false,62,membrane,4,3_otsuOffset,inner
32,output\processed_images\3_otsuOffset\membrane\strip_32.png,0.88,1.1363636363636365,500,440,98.44642857142857,12,8.616228070175438,7650.0,false,75,membrane,5,3_otsuOffset,inner
32,output\processed_images\3_otsuOffset\membrane\strip_32.png,0.88,1.1363636363636365,500,440,98.44642857142857,12,1.181818181818187,5482.5,false,81,membrane,6,3_otsuOffset,inner
32,output\processed_images\3_otsuOffset\membrane\strip_32.png,0.88,1.1363636363636365,500,440,98.44642857142857,12,9.532467532467521,7650.0,false,92,membrane,7,3_otsuOffset,inner
32,output\processed_images\3_otsuOffset\membrane\strip_32.png,0.88,1.1363636363636365,500,440,98.44642857142857,12,0.8214285714285694,5482.5,false,102,membrane,8,3_otsuOffset,inner
32,output\processed_images\3_otsuOffset\membrane\strip_32.png,0.88,1.1363636363636365,500,440,98.44642857142857,12,8.657142857142858,7650.0,false,108,membrane,9,3_otsuOffset,inner
32,output\processed_images\3_otsuOffset\membrane\strip_32.png,0.88,1.1363636363636365,500,440,98.44642857142857,12,6.076863354037272,7012.5,false,121,membrane,10,3_otsuOffset,inner
32,output\processed_images\3_otsuOffset\membrane\strip_32.png,0.88,1.1363636363636365,500,440,98.44642857142857,12,1.5714285714285694,9690.0,false,124,membrane,11,3_otsuOffset,outer
33,output\processed_images\3_otsuOffset\membrane\strip_33.png,0.88,1.1363636363636365,500,440,65.2,7,1.5,2295.0,false,35,membrane,0,3_otsuOffset,outer
33,output\processed_images\3_otsuOffset\membrane\strip_33.png,0.88,1.1363636363636365,500,440,65.2,7,0.65625,8542.5,false,40,membrane,1,3_otsuOffset,inner
33,output\processed_images\3_otsuOffset\membrane\strip_33.png,0.88,1.1363636363636365,500,440,65.2,7,1.9640522875817013,11730.0,false,43,membrane,2,3_otsuOffset,inner
33,output\processed_images\3_otsuOffset\membrane\strip_33.png,0.88,1.1363636363636365,500,440,65.2,7,21.759615384615387,7650.0,false,54,membrane,3,3_otsuOffset,inner
33,output\processed_images\3_otsuOffset\membrane\strip_33.png,0.88,1.1363636363636365,500,440,65.2,7,11.0,7650.0,false,69,membrane,4,3_otsuOffset,inner
33,output\processed_images\3_otsuOffset\membrane\strip_33.png,0.88,1.1363636363636365,500,440,65.2,7,10.92857142857143,7650.0,false,85,membrane,5,3_otsuOffset,inner
33,output\processed_images\3_otsuOffset\membrane\strip_33.png,0.88,1.1363636363636365,500,440,65.2,7,7.58461538461539,7650.0,false,95,membrane,6,3_otsuOffset,outer
34,output\processed_images\3_otsuOffset\membrane\strip_34.png,0.88,1.1363636363636365,500,440,166.2875,16,8.457142857142859,2295.0,false,22,membrane,0,3_otsuOffset,outer
34,output\processed_images\3_otsuOffset\membrane\strip_34.png,0.88,1.1363636363636365,500,440,166.2875,16,1.571428571428573,3315.0,false,26,membrane,1,3_otsuOffset,inner
34,output\processed_images\3_otsuOffset\membrane\strip_34.png,0.88,1.1363636363636365,500,440,166.2875,16,0.5416666666666643,13642.5,false,34,membrane,2,3_otsuOffset,inner
34,output\processed_images\3_otsuOffset\membrane\strip_34.png,0.88,1.1363636363636365,500,440,166.2875,16,5.836363636363636,7140.0,false,36,membrane,3,3_otsuOffset,inner
34,output\processed_images\3_otsuOffset\membrane\strip_34.png,0.88,1.1363636363636365,500,440,166.2875,16,5.869230769230768,7650.0,false,49,membrane,4,3_otsuOffset,inner
34,output\processed_images\3_otsuOffset\membrane\strip_34.png,0.88,1.1363636363636365,500,440,166.2875,16,5.673624288425046,7650.0,false,63,membrane,5,3_otsuOffset,inner
34,output\processed_images\3_otsuOffset\membrane\strip_34.png,0.88,1.1363636363636365,500,440,166.2875,16,6.129629629629633,7650.0,false,78,membrane,6,3_otsuOffset,inner
34,output\processed_images\3_otsuOffset\membrane\strip_34.png,0.88,1.1363636363636365,500,440,166.2875,16,6.361538461538473,7650.0,false,91,membrane,7,3_otsuOffset,inner
34,output\processed_images\3_otsuOffset\membrane\strip_34.png,0.88,1.1363636363636365,500,440,166.2875,16,0.7222222222222285,8415.0,false,101,membrane,8,3_otsuOffset,inner
34,output\processed_images\3_otsuOffset\membrane\strip_34.png,0.88,1.1363636363636365,500,440,166.2875,16,6.167741935483875,7650.0,false,104,membrane,9,3_otsuOffset,inner
34,output\processed_images\3_otsuOffset\membrane\strip_34.png,0.88,1.1363636363636365,500,440,166.2875,16,7.818181818181827,7650.0,false,118,membrane,10,3_otsuOffset,inner
34,output\processed_images\3_otsuOffset\membrane\strip_34.png,0.88,1.1363636363636365,500,440,166.2875,16,6.3888888888889,7650.0,false,130,membrane,11,3_otsuOffset,inner
34,output\processed_images\3_otsuOffset\membrane\strip_34.png,0.88,1.1363636363636365,500,440,166.2875,16,6.178743961352666,7650.0,false,144,membrane,12,3_otsuOffset,inner
34,output\processed_images\3_otsuOffset\membrane\strip_34.png,0.88,1.1363636363636365,500,440,166.2875,16,5.527272727272731,7650.0,false,158,membrane,13,3_otsuOffset,inner
34,output\processed_images\3_otsuOffset\membrane\strip_34.png,0.88,1.1363636363636365,500,440,166.2875,16,6.45410628019323,7650.0,false,172,membrane,14,3_otsuOffset,inner
34,output\processed_images\3_otsuOffset\membrane\strip_34.png,0.88,1.1363636363636365,500,440,166.2875,16,3.631944444444457,7650.0,false,184,membrane,15,3_otsuOffset,outer
35,output\processed_images\3_otsuOffset\membrane\strip_35.png,0.88,1.1363636363636365,500,440,99.09475806451613,10,5.5539971949509095,7650.0,false,40,membrane,0,3_otsuOffset,outer
35,output\processed_images\3_otsuOffset\membrane\strip_35.png,0.88,1.1363636363636365,500,440,99.09475806451613,10,8.092307692307692,7650.0,false,51,membrane,1,3_otsuOffset,inner
35,output\processed_images\3_otsuOffset\membrane\strip_35.png,0.88,1.1363636363636365,500,440,99.09475806451613,10,8.769230769230766,7650.0,false,64,membrane,2,3_otsuOffset,inner
35,output\processed_images\3_otsuOffset\membrane\strip_35.png,0.88,1.1363636363636365,500,440,99.09475806451613,10,8.914004914004906,7650.0,false,79,membrane,3,3_otsuOffset,inner
35,output\processed_images\3_otsuOffset\membrane\strip_35.png,0.88,1.1363636363636365,500,440,99.09475806451613,10,0.9000000000000057,4080.0,false,85,membrane,4,3_otsuOffset,inner
35,output\processed_images\3_otsuOffset\membrane\strip_35.png,0.88,1.1363636363636365,500,440,99.09475806451613,10,8.575757575757578,7650.0,false,93,membrane,5,3_otsuOffset,inner
35,output\processed_images\3_otsuOffset\membrane\strip_35.png,0.88,1.1363636363636365,500,440,99.09475806451613,10,9.333333333333329,7650.0,false,106,membrane,6,3_otsuOffset,inner
35,output\processed_images\3_otsuOffset\membrane\strip_35.png,0.88,1.1363636363636365,500,440,99.09475806451613,10,7.36363636363636,7650.0,false,121,membrane,7,3_otsuOffset,inner
35,output\processed_images\3_otsuOffset\membrane\strip_35.png,0.88,1.1363636363636365,500,440,99.09475806451613,10,0.6296296296296191,11092.5,false,131,membrane,8,3_otsuOffset,inner
35,output\processed_images\3_otsuOffset\membrane\strip_35.png,0.88,1.1363636363636365,500,440,99.09475806451613,10,5.692129629629619,7650.0,false,134,membrane,9,3_otsuOffset,outer
36,output\processed_images\3_otsuOffset\membrane\strip_36.png,0.88,1.1363636363636365,500,440,101.1,10,2.0444444444444443,7650.0,false,40,membrane,0,3_otsuOffset,outer
36,output\processed_images\3_otsuOffset\membrane\strip_36.png,0.88,1.1363636363636365,500,440,101.1,10,10.416666666666664,7650.0,false,51,membrane,1,3_otsuOffset,inner
36,output\processed_images\3_otsuOffset\membrane\strip_36.png,0.88,1.1363636363636365,500,440,101.1,10,9.888888888888893,7650.0,false,66,membrane,2,3_otsuOffset,inner
36,output\processed_images\3_otsuOffset\membrane\strip_36.png,0.88,1.1363636363636365,500,440,101.1,10,8.200000000000003,7650.0,false,77,membrane,3,3_otsuOffset,inner
36,output\processed_images\3_otsuOffset\membrane\strip_36.png,0.88,1.1363636363636365,500,440,101.1,10,0.5833333333333286,13387.5,false,89,membrane,4,3_otsuOffset,inner
36,output\processed_images\3_otsuOffset\membrane\strip_36.png,0.88,1.1363636363636365,500,440,101.1,10,12.56009615384616,7650.0,false,91,membrane,5,3_otsuOffset,inner
36,output\processed_images\3_otsuOffset\membrane\strip_36.png,0.88,1.1363636363636365,500,440,101.1,10,12.56009615384616,7650.0,false,95,membrane,6,3_otsuOffset,inner
36,output\processed_images\3_otsuOffset\membrane\strip_36.png,0.88,1.1363636363636365,500,440,101.1,10,10.431818181818187,7650.0,false,106,membrane,7,3_otsuOffset,inner
36,output\processed_images\3_otsuOffset\membrane\strip_36.png,0.88,1.1363636363636365,500,440,101.1,10,10.328947368421055,7650.0,false,121,membrane,8,3_otsuOffset,inner
36,output\processed_images\3_otsuOffset\membrane\strip_36.png,0.88,1.1363636363636365,500,440,101.1,10,9.318181818181813,7650.0,false,135,membrane,9,3_otsuOffset,outer
37,output\processed_images\3_otsuOffset\membrane\strip_37.png,0.88,1.1363636363636365,500,440,107.48015873015873,10,0.5357142857142865,3442.5,false,15,membrane,0,3_otsuOffset,outer
37,output\processed_images\3_otsuOffset\membrane\strip_37.png,0.88,1.1363636363636365,500,440,107.48015873015873,10,4.19378306878307,7267.5,false,19,membrane,1,3_otsuOffset,inner
37,output\processed_images\3_otsuOffset\membrane\strip_37.png,0.88,1.1363636363636365,500,440,107.48015873015873,10,7.36855036855037,7650.0,false,32,membrane,2,3_otsuOffset,inner
37,output\processed_images\3_otsuOffset\membrane\strip_37.png,0.88,1.1363636363636365,500,440,107.48015873015873,10,8.330769230769235,7650.0,false,47,membrane,3,3_otsuOffset,inner
37,output\processed_images\3_otsuOffset\membrane\strip_37.png,0.88,1.1363636363636365,500,440,107.48015873015873,10,8.415322580645167,7650.0,false,62,membrane,4,3_otsuOffset,inner
37,output\processed_images\3_otsuOffset\membrane\strip_37.png,0.88,1.1363636363636365,500,440,107.48015873015873,10,7.717741935483872,7650.0,false,77,membrane,5,3_otsuOffset,inner
37,output\processed_images\3_otsuOffset\membrane\strip_37.png,0.88,1.1363636363636365,500,440,107.48015873015873,10,7.875,7650.0,false,91,membrane,6,3_otsuOffset,inner
37,output\processed_images\3_otsuOffset\membrane\strip_37.png,0.88,1.1363636363636365,500,440,107.48015873015873,10,6.37760910815939,7650.0,false,106,membrane,7,3_otsuOffset,inner
37,output\processed_images\3_otsuOffset\membrane\strip_37.png,0.88,1.1363636363636365,500,440,107.48015873015873,10,5.717171717171709,6120.0,false,118,membrane,8,3_otsuOffset,inner
37,output\processed_images\3_otsuOffset\membrane\strip_37.png,0.88,1.1363636363636365,500,440,107.48015873015873,10,0.518518518518519,9052.5,false,122,membrane,9,3_otsuOffset,outer
38,output\processed_images\3_otsuOffset\membrane\strip_38.png,0.88,1.1363636363636365,500,440,107.37,13,5.4771428571428515,7650.0,false,39,membrane,0,3_otsuOffset,outer
38,output\processed_images\3_otsuOffset\membrane\strip_38.png,0.88,1.1363636363636365,500,440,107.37,13,0.5277777777777786,4462.5,false,45,membrane,1,3_otsuOffset,inner
38,output\processed_images\3_otsuOffset\membrane\strip_38.png,0.88,1.1363636363636365,500,440,107.37,13,7.879464285714285,7650.0,false,51,membrane,2,3_otsuOffset,inner
38,output\processed_images\3_otsuOffset\membrane\strip_38.png,0.88,1.1363636363636365,500,440,107.37,13,9.357142857142861,7650.0,false,67,membrane,3,3_otsuOffset,inner
38,output\processed_images\3_otsuOffset\membrane\strip_38.png,0.88,1.1363636363636365,500,440,107.37,13,9.423913043478265,7650.0,false,80,membrane,4,3_otsuOffset,inner
38,output\processed_images\3_otsuOffset\membrane\strip_38.png,0.88,1.1363636363636365,500,440,107.37,13,0.5454545454545467,11602.5,false,92,membrane,5,3_otsuOffset,inner
38,output\processed_images\3_otsuOffset\membrane\strip_38.png,0.88,1.1363636363636365,500,440,107.37,13,9.607142857142861,7650.0,false,95,membrane,6,3_otsuOffset,inner
38,output\processed_images\3_otsuOffset\membrane\strip_38.png,0.88,1.1363636363636365,500,440,107.37,13,0.5555555555555571,6502.5,false,104,membrane,7,3_otsuOffset,inner
38,output\processed_images\3_otsuOffset\membrane\strip_38.png,0.88,1.1363636363636365,500,440,107.37,13,0.5999999999999943,7522.5,false,106,membrane,8,3_otsuOffset,inner
38,output\processed_images\3_otsuOffset\membrane\strip_38.png,0.88,1.1363636363636365,500,440,107.37,13,6.708333333333329,7650.0,false,111,membrane,9,3_otsuOffset,inner
38,output\processed_images\3_otsuOffset\membrane\strip_38.png,0.88,1.1363636363636365,500,440,107.37,13,0.75,5227.5,false,115,membrane,10,3_otsuOffset,inner
38,output\processed_images\3_otsuOffset\membrane\strip_38.png,0.88,1.1363636363636365,500,440,107.37,13,8.572398190045263,7650.0,false,125,membrane,11,3_otsuOffset,inner
38,output\processed_images\3_otsuOffset\membrane\strip_38.png,0.88,1.1363636363636365,500,440,107.37,13,6.583333333333343,7140.0,false,139,membrane,12,3_otsuOffset,outer
39,output\processed_images\3_otsuOffset\membrane\strip_39.png,0.88,1.1363636363636365,500,440,64.16666666666666,6,6.914141414141415,7650.0,false,27,membrane,0,3_otsuOffset,outer
39,output\processed_images\3_otsuOffset\membrane\strip_39.png,0.88,1.1363636363636365,500,440,64.16666666666666,6,10.924568965517238,7650.0,false,40,membrane,1,3_otsuOffset,inner
39,output\processed_images\3_otsuOffset\membrane\strip_39.png,0.88,1.1363636363636365,500,440,64.16666666666666,6,10.370629370629366,7650.0,false,56,membrane,2,3_otsuOffset,inner
39,output\processed_images\3_otsuOffset\membrane\strip_39.png,0.88,1.1363636363636365,500,440,64.16666666666666,6,0.538461538461533,6375.0,false,66,membrane,3,3_otsuOffset,inner
39,output\processed_images\3_otsuOffset\membrane\strip_39.png,0.88,1.1363636363636365,500,440,64.16666666666666,6,8.623076923076923,7650.0,false,71,membrane,4,3_otsuOffset,inner
39,output\processed_images\3_otsuOffset\membrane\strip_39.png,0.88,1.1363636363636365,500,440,64.16666666666666,6,6.98888888888888,7650.0,false,85,membrane,5,3_otsuOffset,outer
4,output\processed_images\3_otsuOffset\membrane\strip_4.png,1.315,0.7604562737642585,200,263,144.80833333333334,18,6.857575757575752,6630.0,false,35,membrane,0,3_otsuOffset,outer
4,output\processed_images\3_otsuOffset\membrane\strip_4.png,1.315,0.7604562737642585,200,263,144.80833333333334,18,0.5909090909090935,9435.0,false,39,membrane,1,3_otsuOffset,inner
4,output\processed_images\3_otsuOffset\membrane\strip_4.png,1.315,0.7604562737642585,200,263,144.80833333333334,18,12.773333333333333,7650.0,false,51,membrane,2,3_otsuOffset,inner
4,output\processed_images\3_otsuOffset\membrane\strip_4.png,1.315,0.7604562737642585,200,263,144.80833333333334,18,0.6666666666666643,12240.0,false,55,membrane,3,3_otsuOffset,inner
4,output\processed_images\3_otsuOffset\membrane\strip_4.png,1.315,0.7604562737642585,200,263,144.80833333333334,18,1.0,11220.0,false,57,membrane,4,3_otsuOffset,inner
4,output\processed_images\3_otsuOffset\membrane\strip_4.png,1.315,0.7604562737642585,200,263,144.80833333333334,18,3.8409090909090935,11347.5,false,68,membrane,5,3_otsuOffset,inner
4,output\processed_images\3_otsuOffset\membrane\strip_4.png,1.315,0.7604562737642585,200,263,144.80833333333334,18,13.974789915966397,7650.0,false,75,membrane,6,3_otsuOffset,inner
4,output\processed_images\3_otsuOffset\membrane\strip_4.png,1.315,0.7604562737642585,200,263,144.80833333333334,18,14.461111111111109,7650.0,false,93,membrane,7,3_otsuOffset,inner
4,output\processed_images\3_otsuOffset\membrane\strip_4.png,1.315,0.7604562737642585,200,263,144.80833333333334,18,14.461111111111109,7650.0,false,100,membrane,8,3_otsuOffset,inner
4,output\processed_images\3_otsuOffset\membrane\strip_4.png,1.315,0.7604562737642585,200,263,144.80833333333334,18,10.611344537815114,7650.0,false,111,membrane,9,3_otsuOffset,inner
4,output\processed_images\3_otsuOffset\membrane\strip_4.png,1.315,0.7604562737642585,200,263,144.80833333333334,18,10.611344537815114,7650.0,false,116,membrane,10,3_otsuOffset,inner
4,output\processed_images\3_otsuOffset\membrane\strip_4.png,1.315,0.7604562737642585,200,263,144.80833333333334,18,1.519999999999996,14407.5,false,127,membrane,11,3_otsuOffset,inner
4,output\processed_images\3_otsuOffset\membrane\strip_4.png,1.315,0.7604562737642585,200,263,144.80833333333334,18,14.6392961876833,7650.0,false,135,membrane,12,3_otsuOffset,inner
4,output\processed_images\3_otsuOffset\membrane\strip_4.png,1.315,0.7604562737642585,200,263,144.80833333333334,18,2.0,1657.5,false,145,membrane,13,3_otsuOffset,inner
4,output\processed_images\3_otsuOffset\membrane\strip_4.png,1.315,0.7604562737642585,200,263,144.80833333333334,18,5.98684210526315,7267.5,false,154,membrane,14,3_otsuOffset,inner
4,output\processed_images\3_otsuOffset\membrane\strip_4.png,1.315,0.7604562737642585,200,263,144.80833333333334,18,0.625,12367.5,false,160,membrane,15,3_otsuOffset,inner
4,output\processed_images\3_otsuOffset\membrane\strip_4.png,1.315,0.7604562737642585,200,263,144.80833333333334,18,4.847074468085111,10072.5,false,162,membrane,16,3_otsuOffset,inner
4,output\processed_images\3_otsuOffset\membrane\strip_4.png,1.315,0.7604562737642585,200,263,144.80833333333334,18,6.72794117647058,7650.0,false,174,membrane,17,3_otsuOffset,outer
47,output\processed_images\3_otsuOffset\membrane\strip_47.png,1.315,0.7604562737642585,200,263,118.75,16,15.5,7650.0,false,64,membrane,0,3_otsuOffset,outer
47,output\processed_images\3_otsuOffset\membrane\strip_47.png,1.315,0.7604562737642585,200,263,118.75,16,1.4375,14152.5,false,70,membrane,1,3_otsuOffset,inner
47,output\processed_images\3_otsuOffset\membrane\strip_47.png,1.315,0.7604562737642585,200,263,118.75,16,15.5,7650.0,false,72,membrane,2,3_otsuOffset,inner
47,output\processed_images\3_otsuOffset\membrane\strip_47.png,1.315,0.7604562737642585,200,263,118.75,16,9.461538461538467,7650.0,false,84,membrane,3,3_otsuOffset,inner
47,output\processed_images\3_otsuOffset\membrane\strip_47.png,1.315,0.7604562737642585,200,263,118.75,16,21.650000000000006,7650.0,false,90,membrane,4,3_otsuOffset,inner
47,output\processed_images\3_otsuOffset\membrane\strip_47.png,1.315,0.7604562737642585,200,263,118.75,16,0.7083333333333286,11347.5,false,95,membrane,5,3_otsuOffset,inner
47,output\processed_images\3_otsuOffset\membrane\strip_47.png,1.315,0.7604562737642585,200,263,118.75,16,20.461538461538467,7650.0,false,98,membrane,6,3_otsuOffset,inner
47,output\processed_images\3_otsuOffset\membrane\strip_47.png,1.315,0.7604562737642585,200,263,118.75,16,10.650000000000006,7650.0,false,103,membrane,7,3_otsuOffset,inner
47,output\processed_images\3_otsuOffset\membrane\strip_47.png,1.315,0.7604562737642585,200,263,118.75,16,12.049999999999997,7650.0,false,121,membrane,8,3_otsuOffset,inner
47,output\processed_images\3_otsuOffset\membrane\strip_47.png,1.315,0.7604562737642585,200,263,118.75,16,12.639999999999986,7650.0,false,133,membrane,9,3_otsuOffset,inner
47,output\processed_images\3_otsuOffset\membrane\strip_47.png,1.315,0.7604562737642585,200,263,118.75,16,12.639999999999986,7650.0,false,139,membrane,10,3_otsuOffset,inner
47,output\processed_images\3_otsuOffset\membrane\strip_47.png,1.315,0.7604562737642585,200,263,118.75,16,13.840000000000003,7650.0,false,150,membrane,11,3_otsuOffset,inner
47,output\processed_images\3_otsuOffset\membrane\strip_47.png,1.315,0.7604562737642585,200,263,118.75,16,13.840000000000003,7650.0,false,156,membrane,12,3_otsuOffset,inner
47,output\processed_images\3_otsuOffset\membrane\strip_47.png,1.315,0.7604562737642585,200,263,118.75,16,0.5555555555555429,12622.5,false,167,membrane,13,3_otsuOffset,inner
47,output\processed_images\3_otsuOffset\membrane\strip_47.png,1.315,0.7604562737642585,200,263,118.75,16,13.277777777777771,7650.0,false,171,membrane,14,3_otsuOffset,inner
47,output\processed_images\3_otsuOffset\membrane\strip_47.png,1.315,0.7604562737642585,200,263,118.75,16,1.8541666666666572,12367.5,false,177,membrane,15,3_otsuOffset,outer
51,output\processed_images\3_otsuOffset\membrane\strip_51.png,0.88,1.1363636363636365,500,440,56.42878787878789,9,0.5909090909090899,10710.0,false,22,membrane,0,3_otsuOffset,outer
51,output\processed_images\3_otsuOffset\membrane\strip_51.png,0.88,1.1363636363636365,500,440,56.42878787878789,9,5.445454545454545,6757.5,false,24,membrane,1,3_otsuOffset,inner
51,output\processed_images\3_otsuOffset\membrane\strip_51.png,0.88,1.1363636363636365,500,440,56.42878787878789,9,5.887351778656125,7650.0,false,34,membrane,2,3_otsuOffset,inner
51,output\processed_images\3_otsuOffset\membrane\strip_51.png,0.88,1.1363636363636365,500,440,56.42878787878789,9,17.913333333333334,7650.0,false,45,membrane,3,3_otsuOffset,inner
51,output\processed_images\3_otsuOffset\membrane\strip_51.png,0.88,1.1363636363636365,500,440,56.42878787878789,9,1.0,11092.5,false,53,membrane,4,3_otsuOffset,inner
51,output\processed_images\3_otsuOffset\membrane\strip_51.png,0.88,1.1363636363636365,500,440,56.42878787878789,9,17.913333333333334,7650.0,false,56,membrane,5,3_otsuOffset,inner
51,output\processed_images\3_otsuOffset\membrane\strip_51.png,0.88,1.1363636363636365,500,440,56.42878787878789,9,1.1000000000000014,12495.0,false,58,membrane,6,3_otsuOffset,inner
51,output\processed_images\3_otsuOffset\membrane\strip_51.png,0.88,1.1363636363636365,500,440,56.42878787878789,9,6.989919354838705,7650.0,false,66,membrane,7,3_otsuOffset,inner
51,output\processed_images\3_otsuOffset\membrane\strip_51.png,0.88,1.1363636363636365,500,440,56.42878787878789,9,2.6750000000000114,3952.5,false,76,membrane,8,3_otsuOffset,outer
52,output\processed_images\3_otsuOffset\membrane\strip_52.png,0.88,1.1363636363636365,500,440,139.5,13,6.9761904761904745,7650.0,false,55,membrane,0,3_otsuOffset,outer
52,output\processed_images\3_otsuOffset\membrane\strip_52.png,0.88,1.1363636363636365,500,440,139.5,13,7.420677361853841,7650.0,false,67,membrane,1,3_otsuOffset,inner
52,output\processed_images\3_otsuOffset\membrane\strip_52.png,0.88,1.1363636363636365,500,440,139.5,13,7.392241379310349,7650.0,false,79,membrane,2,3_otsuOffset,inner
52,output\processed_images\3_otsuOffset\membrane\strip_52.png,0.88,1.1363636363636365,500,440,139.5,13,11.269230769230774,7650.0,false,89,membrane,3,3_otsuOffset,inner
52,output\processed_images\3_otsuOffset\membrane\strip_52.png,0.88,1.1363636363636365,500,440,139.5,13,7.458333333333329,7650.0,false,104,membrane,4,3_otsuOffset,inner
52,output\processed_images\3_otsuOffset\membrane\strip_52.png,0.88,1.1363636363636365,500,440,139.5,13,8.262541806020067,7650.0,false,117,membrane,5,3_otsuOffset,inner
52,output\processed_images\3_otsuOffset\membrane\strip_52.png,0.88,1.1363636363636365,500,440,139.5,13,0.7272727272727337,4717.5,false,123,membrane,6,3_otsuOffset,inner
52,output\processed_images\3_otsuOffset\membrane\strip_52.png,0.88,1.1363636363636365,500,440,139.5,13,7.880952380952394,7650.0,false,129,membrane,7,3_otsuOffset,inner
52,output\processed_images\3_otsuOffset\membrane\strip_52.png,0.88,1.1363636363636365,500,440,139.5,13,7.169230769230779,7650.0,false,141,membrane,8,3_otsuOffset,inner
52,output\processed_images\3_otsuOffset\membrane\strip_52.png,0.88,1.1363636363636365,500,440,139.5,13,7.523809523809518,7650.0,false,154,membrane,9,3_otsuOffset,inner
52,output\processed_images\3_otsuOffset\membrane\strip_52.png,0.88,1.1363636363636365,500,440,139.5,13,6.5795454545454675,7650.0,false,167,membrane,10,3_otsuOffset,inner
52,output\processed_images\3_otsuOffset\membrane\strip_52.png,0.88,1.1363636363636365,500,440,139.5,13,7.35833333333332,7650.0,false,179,membrane,11,3_otsuOffset,inner
52,output\processed_images\3_otsuOffset\membrane\strip_52.png,0.88,1.1363636363636365,500,440,139.5,13,5.400000000000006,4080.0,false,187,membrane,12,3_otsuOffset,outer
53,output\processed_images\3_otsuOffset\membrane\strip_53.png,1.095,0.91324200913242,200,219,90.76162790697674,13,0.5348837209302317,12877.5,false,30,membrane,0,3_otsuOffset,outer
53,output\processed_images\3_otsuOffset\membrane\strip_53.png,1.095,0.91324200913242,200,219,90.76162790697674,13,7.5830564784053145,7650.0,false,32,membrane,1,3_otsuOffset,inner
53,output\processed_images\3_otsuOffset\membrane\strip_53.png,1.095,0.91324200913242,200,219,90.76162790697674,13,8.72461538461539,7650.0,false,46,membrane,2,3_otsuOffset,inner
53,output\processed_images\3_otsuOffset\membrane\strip_53.png,1.095,0.91324200913242,200,219,90.76162790697674,13,0.6111111111111143,7395.0,false,51,membrane,3,3_otsuOffset,inner
53,output\processed_images\3_otsuOffset\membrane\strip_53.png,1.095,0.91324200913242,200,219,90.76162790697674,13,10.020022246941046,7650.0,false,60,membrane,4,3_otsuOffset,inner
53,output\processed_images\3_otsuOffset\membrane\strip_53.png,1.095,0.91324200913242,200,219,90.76162790697674,13,9.444444444444443,7650.0,false,76,membrane,5,3_otsuOffset,inner
53,output\processed_images\3_otsuOffset\membrane\strip_53.png,1.095,0.91324200913242,200,219,90.76162790697674,13,1.655502392344502,7650.0,false,82,membrane,6,3_otsuOffset,inner
53,output\processed_images\3_otsuOffset\membrane\strip_53.png,1.095,0.91324200913242,200,219,90.76162790697674,13,8.62631578947368,7650.0,false,89,membrane,7,3_otsuOffset,inner
53,output\processed_images\3_otsuOffset\membrane\strip_53.png,1.095,0.91324200913242,200,219,90.76162790697674,13,0.9375,5482.5,false,96,membrane,8,3_otsuOffset,inner
53,output\processed_images\3_otsuOffset\membrane\strip_53.png,1.095,0.91324200913242,200,219,90.76162790697674,13,10.934782608695656,7650.0,false,101,membrane,9,3_otsuOffset,inner
53,output\processed_images\3_otsuOffset\membrane\strip_53.png,1.095,0.91324200913242,200,219,90.76162790697674,13,10.934782608695656,7650.0,false,104,membrane,10,3_otsuOffset,inner
53,output\processed_images\3_otsuOffset\membrane\strip_53.png,1.095,0.91324200913242,200,219,90.76162790697674,13,1.125,9435.0,false,107,membrane,11,3_otsuOffset,inner
53,output\processed_images\3_otsuOffset\membrane\strip_53.png,1.095,0.91324200913242,200,219,90.76162790697674,13,6.25,7650.0,false,116,membrane,12,3_otsuOffset,outer
54,output\processed_images\3_otsuOffset\membrane\strip_54.png,1.095,0.91324200913242,200,219,240.73245614035088,40,1.0909090909090935,9307.5,false,38,membrane,0,3_otsuOffset,outer
54,output\processed_images\3_otsuOffset\membrane\strip_54.png,1.095,0.91324200913242,200,219,240.73245614035088,40,8.202380952380949,6630.0,false,42,membrane,1,3_otsuOffset,inner
54,output\processed_images\3_otsuOffset\membrane\strip_54.png,1.095,0.91324200913242,200,219,240.73245614035088,40,0.7857142857142847,7650.0,false,51,membrane,2,3_otsuOffset,inner
54,output\processed_images\3_otsuOffset\membrane\strip_54.png,1.095,0.91324200913242,200,219,240.73245614035088,40,3.9363636363636303,7650.0,false,55,membrane,3,3_otsuOffset,inner
54,output\processed_images\3_otsuOffset\membrane\strip_54.png,1.095,0.91324200913242,200,219,240.73245614035088,40,1.1923076923076934,5100.0,false,58,membrane,4,3_otsuOffset,inner
54,output\processed_images\3_otsuOffset\membrane\strip_54.png,1.095,0.91324200913242,200,219,240.73245614035088,40,0.6499999999999986,4462.5,false,60,membrane,5,3_otsuOffset,inner
54,output\processed_images\3_otsuOffset\membrane\strip_54.png,1.095,0.91324200913242,200,219,240.73245614035088,40,0.5714285714285694,3952.5,false,62,membrane,6,3_otsuOffset,inner
54,output\processed_images\3_otsuOffset\membrane\strip_54.png,1.095,0.91324200913242,200,219,240.73245614035088,40,6.75,7650.0,false,66,membrane,7,3_otsuOffset,inner
54,output\processed_images\3_otsuOffset\membrane\strip_54.png,1.095,0.91324200913242,200,219,240.73245614035088,40,1.6785714285714306,9945.0,false,71,membrane,8,3_otsuOffset,inner
54,output\processed_images\3_otsuOffset\membrane\strip_54.png,1.095,0.91324200913242,200,219,240.73245614035088,40,7.142857142857139,4207.5,false,81,membrane,9,3_otsuOffset,inner
54,output\processed_images\3_otsuOffset\membrane\strip_54.png,1.095,0.91324200913242,200,219,240.73245614035088,40,0.6071428571428612,6502.5,false,86,membrane,10,3_otsuOffset,inner
54,output\processed_images\3_otsuOffset\membrane\strip_54.png,1.095,0.91324200913242,200,219,240.73245614035088,40,1.8333333333333286,10200.0,false,95,membrane,11,3_otsuOffset,inner
54,output\processed_images\3_otsuOffset\membrane\strip_54.png,1.095,0.91324200913242,200,219,240.73245614035088,40,7.759999999999991,5992.5,false,99,membrane,12,3_otsuOffset,inner
54,output\processed_images\3_otsuOffset\membrane\strip_54.png,1.095,0.91324200913242,200,219,240.73245614035088,40,1.681818181818187,6885.0,false,108,membrane,13,3_otsuOffset,inner
54,output\processed_images\3_otsuOffset\membrane\strip_54.png,1.095,0.91324200913242,200,219,240.73245614035088,40,6.441471571906348,7650.0,false,111,membrane,14,3_otsuOffset,inner
54,output\processed_images\3_otsuOffset\membrane\strip_54.png,1.095,0.91324200913242,200,219,240.73245614035088,40,0.5833333333333286,6885.0,false,117,membrane,15,3_otsuOffset,inner
54,output\processed_images\3_otsuOffset\membrane\strip_54.png,1.095,0.91324200913242,200,219,240.73245614035088,40,6.035714285714292,7650.0,false,126,membrane,16,3_otsuOffset,inner
54,output\processed_images\3_otsuOffset\membrane\strip_54.png,1.095,0.91324200913242,200,219,240.73245614035088,40,0.6666666666666572,4462.5,false,131,membrane,17,3_otsuOffset,inner
54,output\processed_images\3_otsuOffset\membrane\strip_54.png,1.095,0.91324200913242,200,219,240.73245614035088,40,6.524637681159419,6502.5,false,140,membrane,18,3_otsuOffset,inner
54,output\processed_images\3_otsuOffset\membrane\strip_54.png,1.095,0.91324200913242,200,219,240.73245614035088,40,0.6071428571428612,12112.5,false,143,membrane,19,3_otsuOffset,inner
54,output\processed_images\3_otsuOffset\membrane\strip_54.png,1.095,0.91324200913242,200,219,240.73245614035088,40,6.851851851851848,5865.0,false,157,membrane,20,3_otsuOffset,inner
54,output\processed_images\3_otsuOffset\membrane\strip_54.png,1.095,0.91324200913242,200,219,240.73245614035088,40,1.75,5100.0,false,159,membrane,21,3_otsuOffset,inner
54,output\processed_images\3_otsuOffset\membrane\strip_54.png,1.095,0.91324200913242,200,219,240.73245614035088,40,0.7777777777777715,8797.5,false,166,membrane,22,3_otsuOffset,inner
54,output\processed_images\3_otsuOffset\membrane\strip_54.png,1.095,0.91324200913242,200,219,240.73245614035088,40,6.4141414141413975,7650.0,false,168,membrane,23,3_otsuOffset,inner
54,output\processed_images\3_otsuOffset\membrane\strip_54.png,1.095,0.91324200913242,200,219,240.73245614035088,40,1.5384615384615472,3187.5,false,174,membrane,24,3_otsuOffset,inner
54,output\processed_images\3_otsuOffset\membrane\strip_54.png,1.095,0.91324200913242,200,219,240.73245614035088,40,7.309523809523796,7650.0,false,183,membrane,25,3_otsuOffset,inner
54,output\processed_images\3_otsuOffset\membrane\strip_54.png,1.095,0.91324200913242,200,219,240.73245614035088,40,0.5714285714285836,2677.5,false,192,membrane,26,3_otsuOffset,inner
54,output\processed_images\3_otsuOffset\membrane\strip_54.png,1.095,0.91324200913242,200,219,240.73245614035088,40,10.166666666666657,7650.0,false,198,membrane,27,3_otsuOffset,inner
54,output\processed_images\3_otsuOffset\membrane\strip_54.png,1.095,0.91324200913242,200,219,240.73245614035088,40,0.5833333333333428,8287.5,false,204,membrane,28,3_otsuOffset,inner
54,output\processed_images\3_otsuOffset\membrane\strip_54.png,1.095,0.91324200913242,200,219,240.73245614035088,40,5.946291560102281,7650.0,false,212,membrane,29,3_otsuOffset,inner
54,output\processed_images\3_otsuOffset\membrane\strip_54.png,1.095,0.91324200913242,200,219,240.73245614035088,40,0.6111111111111143,2040.0,false,219,membrane,30,3_otsuOffset,inner
54,output\processed_images\3_otsuOffset\membrane\strip_54.png,1.095,0.91324200913242,200,219,240.73245614035088,40,0.5500000000000114,2422.5,false,236,membrane,31,3_otsuOffset,inner
54,output\processed_images\3_otsuOffset\membrane\strip_54.png,1.095,0.91324200913242,200,219,240.73245614035088,40,4.75,7650.0,false,243,membrane,32,3_otsuOffset,inner
54,output\processed_images\3_otsuOffset\membrane\strip_54.png,1.095,0.91324200913242,200,219,240.73245614035088,40,0.5600000000000023,9817.5,false,245,membrane,33,3_otsuOffset,inner
54,output\processed_images\3_otsuOffset\membrane\strip_54.png,1.095,0.91324200913242,200,219,240.73245614035088,40,5.799516908212553,5355.0,false,258,membrane,34,3_otsuOffset,inner
54,output\processed_images\3_otsuOffset\membrane\strip_54.png,1.095,0.91324200913242,200,219,240.73245614035088,40,0.5833333333333144,6247.5,false,261,membrane,35,3_otsuOffset,inner
54,output\processed_images\3_otsuOffset\membrane\strip_54.png,1.095,0.91324200913242,200,219,240.73245614035088,40,1.6923076923076792,2677.5,false,263,membrane,36,3_otsuOffset,inner
54,output\processed_images\3_otsuOffset\membrane\strip_54.png,1.095,0.91324200913242,200,219,240.73245614035088,40,0.5909090909090651,6630.0,false,269,membrane,37,3_otsuOffset,inner
54,output\processed_images\3_otsuOffset\membrane\strip_54.png,1.095,0.91324200913242,200,219,240.73245614035088,40,7.7703349282296585,5610.0,false,272,membrane,38,3_otsuOffset,inner
54,output\processed_images\3_otsuOffset\membrane\strip_54.png,1.095,0.91324200913242,200,219,240.73245614035088,40,0.5789473684210407,6757.5,false,276,membrane,39,3_otsuOffset,outer
55,output\processed_images\3_otsuOffset\membrane\strip_55.png,1.095,0.91324200913242,200,219,87.69333333333333,11,4.833333333333332,7650.0,false,34,membrane,0,3_otsuOffset,outer
55,output\processed_images\3_otsuOffset\membrane\strip_55.png,1.095,0.91324200913242,200,219,87.69333333333333,11,12.352380952380955,7650.0,false,42,membrane,1,3_otsuOffset,inner
55,output\processed_images\3_otsuOffset\membrane\strip_55.png,1.095,0.91324200913242,200,219,87.69333333333333,11,20.400000000000002,7650.0,false,47,membrane,2,3_otsuOffset,inner
55,output\processed_images\3_otsuOffset\membrane\strip_55.png,1.095,0.91324200913242,200,219,87.69333333333333,11,0.6346153846153868,12877.5,false,56,membrane,3,3_otsuOffset,inner
55,output\processed_images\3_otsuOffset\membrane\strip_55.png,1.095,0.91324200913242,200,219,87.69333333333333,11,10.256410256410248,7650.0,false,60,membrane,4,3_otsuOffset,inner
55,output\processed_images\3_otsuOffset\membrane\strip_55.png,1.095,0.91324200913242,200,219,87.69333333333333,11,10.256410256410248,7650.0,false,63,membrane,5,3_otsuOffset,inner
55,output\processed_images\3_otsuOffset\membrane\strip_55.png,1.095,0.91324200913242,200,219,87.69333333333333,11,10.96634615384616,7650.0,false,74,membrane,6,3_otsuOffset,inner
55,output\processed_images\3_otsuOffset\membrane\strip_55.png,1.095,0.91324200913242,200,219,87.69333333333333,11,9.689075630252105,7650.0,false,88,membrane,7,3_otsuOffset,inner
55,output\processed_images\3_otsuOffset\membrane\strip_55.png,1.095,0.91324200913242,200,219,87.69333333333333,11,10.615384615384613,7650.0,false,99,membrane,8,3_otsuOffset,inner
55,output\processed_images\3_otsuOffset\membrane\strip_55.png,1.095,0.91324200913242,200,219,87.69333333333333,11,10.615384615384613,7650.0,false,105,membrane,9,3_otsuOffset,inner
55,output\processed_images\3_otsuOffset\membrane\strip_55.png,1.095,0.91324200913242,200,219,87.69333333333333,11,6.459999999999994,7650.0,false,115,membrane,10,3_otsuOffset,outer
56,output\processed_images\3_otsuOffset\membrane\strip_56.png,1.095,0.91324200913242,200,219,75.49509803921569,14,8.333333333333336,7650.0,false,36,membrane,0,3_otsuOffset,outer
56,output\processed_images\3_otsuOffset\membrane\strip_56.png,1.095,0.91324200913242,200,219,75.49509803921569,14,0.5454545454545467,7267.5,false,43,membrane,1,3_otsuOffset,inner
56,output\processed_images\3_otsuOffset\membrane\strip_56.png,1.095,0.91324200913242,200,219,75.49509803921569,14,10.382352941176471,7650.0,false,49,membrane,2,3_otsuOffset,inner
56,output\processed_images\3_otsuOffset\membrane\strip_56.png,1.095,0.91324200913242,200,219,75.49509803921569,14,0.8666666666666671,5482.5,false,57,membrane,3,3_otsuOffset,inner
56,output\processed_images\3_otsuOffset\membrane\strip_56.png,1.095,0.91324200913242,200,219,75.49509803921569,14,10.425213675213676,7650.0,false,65,membrane,4,3_otsuOffset,inner
56,output\processed_images\3_otsuOffset\membrane\strip_56.png,1.095,0.91324200913242,200,219,75.49509803921569,14,1.5833333333333286,13132.5,false,75,membrane,5,3_otsuOffset,inner
56,output\processed_images\3_otsuOffset\membrane\strip_56.png,1.095,0.91324200913242,200,219,75.49509803921569,14,10.34615384615384,7650.0,false,79,membrane,6,3_otsuOffset,inner
56,output\processed_images\3_otsuOffset\membrane\strip_56.png,1.095,0.91324200913242,200,219,75.49509803921569,14,1.5999999999999943,2932.5,false,85,membrane,7,3_otsuOffset,inner
56,output\processed_images\3_otsuOffset\membrane\strip_56.png,1.095,0.91324200913242,200,219,75.49509803921569,14,0.5499999999999972,13642.5,false,90,membrane,8,3_otsuOffset,inner
56,output\processed_images\3_otsuOffset\membrane\strip_56.png,1.095,0.91324200913242,200,219,75.49509803921569,14,10.888311688311688,7650.0,false,92,membrane,9,3_otsuOffset,inner
56,output\processed_images\3_otsuOffset\membrane\strip_56.png,1.095,0.91324200913242,200,219,75.49509803921569,14,10.888311688311688,7650.0,false,95,membrane,10,3_otsuOffset,inner
56,output\processed_images\3_otsuOffset\membrane\strip_56.png,1.095,0.91324200913242,200,219,75.49509803921569,14,0.6666666666666714,10837.5,false,98,membrane,11,3_otsuOffset,inner
56,output\processed_images\3_otsuOffset\membrane\strip_56.png,1.095,0.91324200913242,200,219,75.49509803921569,14,0.5833333333333286,5227.5,false,100,membrane,12,3_otsuOffset,inner
56,output\processed_images\3_otsuOffset\membrane\strip_56.png,1.095,0.91324200913242,200,219,75.49509803921569,14,7.078431372549019,7650.0,false,105,membrane,13,3_otsuOffset,outer
57,output\processed_images\3_otsuOffset\membrane\strip_57.png,0.88,1.1363636363636365,500,440,89.23280423280423,11,9.43518518518519,7650.0,false,54,membrane,0,3_otsuOffset,outer
57,output\processed_images\3_otsuOffset\membrane\strip_57.png,0.88,1.1363636363636365,500,440,89.23280423280423,11,0.625,11857.5,false,59,membrane,1,3_otsuOffset,inner
57,output\processed_images\3_otsuOffset\membrane\strip_57.png,0.88,1.1363636363636365,500,440,89.23280423280423,11,0.5555555555555571,2167.5,false,64,membrane,2,3_otsuOffset,inner
57,output\processed_images\3_otsuOffset\membrane\strip_57.png,0.88,1.1363636363636365,500,440,89.23280423280423,11,0.9000000000000057,13515.0,false,68,membrane,3,3_otsuOffset,inner
57,output\processed_images\3_otsuOffset\membrane\strip_57.png,0.88,1.1363636363636365,500,440,89.23280423280423,11,9.966315789473683,7650.0,false,73,membrane,4,3_otsuOffset,inner
57,output\processed_images\3_otsuOffset\membrane\strip_57.png,0.88,1.1363636363636365,500,440,89.23280423280423,11,9.878571428571433,7650.0,false,87,membrane,5,3_otsuOffset,inner
57,output\processed_images\3_otsuOffset\membrane\strip_57.png,0.88,1.1363636363636365,500,440,89.23280423280423,11,8.393939393939405,7650.0,false,105,membrane,6,3_otsuOffset,inner
57,output\processed_images\3_otsuOffset\membrane\strip_57.png,0.88,1.1363636363636365,500,440,89.23280423280423,11,0.5499999999999972,2422.5,false,113,membrane,7,3_otsuOffset,inner
57,output\processed_images\3_otsuOffset\membrane\strip_57.png,0.88,1.1363636363636365,500,440,89.23280423280423,11,9.142857142857139,7650.0,false,120,membrane,8,3_otsuOffset,inner
57,output\processed_images\3_otsuOffset\membrane\strip_57.png,0.88,1.1363636363636365,500,440,89.23280423280423,11,1.5909090909090935,14025.0,false,124,membrane,9,3_otsuOffset,inner
57,output\processed_images\3_otsuOffset\membrane\strip_57.png,0.88,1.1363636363636365,500,440,89.23280423280423,11,5.25595238095238,6630.0,false,136,membrane,10,3_otsuOffset,outer
60,output\processed_images\3_otsuOffset\membrane\strip_60.png,0.88,1.1363636363636365,500,440,147.54032258064515,12,5.29032258064516,7650.0,false,42,membrane,0,3_otsuOffset,outer
60,output\processed_images\3_otsuOffset\membrane\strip_60.png,0.88,1.1363636363636365,500,440,147.54032258064515,12,10.058646616541353,7650.0,false,53,membrane,1,3_otsuOffset,inner
60,output\processed_images\3_otsuOffset\membrane\strip_60.png,0.88,1.1363636363636365,500,440,147.54032258064515,12,10.972350230414754,7650.0,false,67,membrane,2,3_otsuOffset,inner
60,output\processed_images\3_otsuOffset\membrane\strip_60.png,0.88,1.1363636363636365,500,440,147.54032258064515,12,9.158730158730151,7650.0,false,83,membrane,3,3_otsuOffset,inner
60,output\processed_images\3_otsuOffset\membrane\strip_60.png,0.88,1.1363636363636365,500,440,147.54032258064515,12,9.389602053915283,7650.0,false,97,membrane,4,3_otsuOffset,inner
60,output\processed_images\3_otsuOffset\membrane\strip_60.png,0.88,1.1363636363636365,500,440,147.54032258064515,12,9.752032520325201,7650.0,false,111,membrane,5,3_otsuOffset,inner
60,output\processed_images\3_otsuOffset\membrane\strip_60.png,0.88,1.1363636363636365,500,440,147.54032258064515,12,9.667953667953668,7650.0,false,125,membrane,6,3_otsuOffset,inner
60,output\processed_images\3_otsuOffset\membrane\strip_60.png,0.88,1.1363636363636365,500,440,147.54032258064515,12,10.079878665318489,7650.0,false,139,membrane,7,3_otsuOffset,inner
60,output\processed_images\3_otsuOffset\membrane\strip_60.png,0.88,1.1363636363636365,500,440,147.54032258064515,12,10.02631578947367,7650.0,false,154,membrane,8,3_otsuOffset,inner
60,output\processed_images\3_otsuOffset\membrane\strip_60.png,0.88,1.1363636363636365,500,440,147.54032258064515,12,9.412698412698404,7650.0,false,168,membrane,9,3_otsuOffset,inner
60,output\processed_images\3_otsuOffset\membrane\strip_60.png,0.88,1.1363636363636365,500,440,147.54032258064515,12,0.5714285714285836,13132.5,false,172,membrane,10,3_otsuOffset,inner
60,output\processed_images\3_otsuOffset\membrane\strip_60.png,0.88,1.1363636363636365,500,440,147.54032258064515,12,5.25,8160.0,false,182,membrane,11,3_otsuOffset,outer
7,output\processed_images\3_otsuOffset\membrane\strip_7.png,1.315,0.7604562737642585,200,263,125.42857142857142,16,6.722222222222221,7140.0,false,37,membrane,0,3_otsuOffset,outer
7,output\processed_images\3_otsuOffset\membrane\strip_7.png,1.315,0.7604562737642585,200,263,125.42857142857142,16,1.375,9052.5,false,39,membrane,1,3_otsuOffset,inner
7,output\processed_images\3_otsuOffset\membrane\strip_7.png,1.315,0.7604562737642585,200,263,125.42857142857142,16,8.740196078431367,7650.0,false,49,membrane,2,3_otsuOffset,inner
7,output\processed_images\3_otsuOffset\membrane\strip_7.png,1.315,0.7604562737642585,200,263,125.42857142857142,16,0.617647058823529,10710.0,false,53,membrane,3,3_otsuOffset,inner
7,output\processed_images\3_otsuOffset\membrane\strip_7.png,1.315,0.7604562737642585,200,263,125.42857142857142,16,6.109090909090909,7650.0,false,55,membrane,4,3_otsuOffset,inner
7,output\processed_images\3_otsuOffset\membrane\strip_7.png,1.315,0.7604562737642585,200,263,125.42857142857142,16,1.5454545454545467,2677.5,false,64,membrane,5,3_otsuOffset,inner
7,output\processed_images\3_otsuOffset\membrane\strip_7.png,1.315,0.7604562737642585,200,263,125.42857142857142,16,13.803921568627445,7650.0,false,74,membrane,6,3_otsuOffset,inner
7,output\processed_images\3_otsuOffset\membrane\strip_7.png,1.315,0.7604562737642585,200,263,125.42857142857142,16,0.538461538461533,13897.5,false,80,membrane,7,3_otsuOffset,inner
7,output\processed_images\3_otsuOffset\membrane\strip_7.png,1.315,0.7604562737642585,200,263,125.42857142857142,16,10.383575883575887,7650.0,false,99,membrane,8,3_otsuOffset,inner
7,output\processed_images\3_otsuOffset\membrane\strip_7.png,1.315,0.7604562737642585,200,263,125.42857142857142,16,12.833333333333329,7650.0,false,119,membrane,9,3_otsuOffset,inner
7,output\processed_images\3_otsuOffset\membrane\strip_7.png,1.315,0.7604562737642585,200,263,125.42857142857142,16,0.6363636363636402,12622.5,false,124,membrane,10,3_otsuOffset,inner
7,output\processed_images\3_otsuOffset\membrane\strip_7.png,1.315,0.7604562737642585,200,263,125.42857142857142,16,13.574999999999989,7650.0,false,137,membrane,11,3_otsuOffset,inner
7,output\processed_images\3_otsuOffset\membrane\strip_7.png,1.315,0.7604562737642585,200,263,125.42857142857142,16,13.574999999999989,7650.0,false,141,membrane,12,3_otsuOffset,inner
7,output\processed_images\3_otsuOffset\membrane\strip_7.png,1.315,0.7604562737642585,200,263,125.42857142857142,16,0.5217391304347814,14152.5,false,145,membrane,13,3_otsuOffset,inner
7,output\processed_images\3_otsuOffset\membrane\strip_7.png,1.315,0.7604562737642585,200,263,125.42857142857142,16,0.9375,4207.5,false,151,membrane,14,3_otsuOffset,inner
7,output\processed_images\3_otsuOffset\membrane\strip_7.png,1.315,0.7604562737642585,200,263,125.42857142857142,16,6.845238095238074,7777.5,false,157,membrane,15,3_otsuOffset,outer
8,output\processed_images\3_otsuOffset\membrane\strip_8.png,1.315,0.7604562737642585,200,263,127.20833333333333,13,0.5833333333333321,8415.0,false,25,membrane,0,3_otsuOffset,outer
8,output\processed_images\3_otsuOffset\membrane\strip_8.png,1.315,0.7604562737642585,200,263,127.20833333333333,13,6.973484848484851,6502.5,false,28,membrane,1,3_otsuOffset,inner
8,output\processed_images\3_otsuOffset\membrane\strip_8.png,1.315,0.7604562737642585,200,263,127.20833333333333,13,1.0,5737.5,false,33,membrane,2,3_otsuOffset,inner
8,output\processed_images\3_otsuOffset\membrane\strip_8.png,1.315,0.7604562737642585,200,263,127.20833333333333,13,15.36363636363636,7650.0,false,40,membrane,3,3_otsuOffset,inner
8,output\processed_images\3_otsuOffset\membrane\strip_8.png,1.315,0.7604562737642585,200,263,127.20833333333333,13,15.36363636363636,7650.0,false,49,membrane,4,3_otsuOffset,inner
8,output\processed_images\3_otsuOffset\membrane\strip_8.png,1.315,0.7604562737642585,200,263,127.20833333333333,13,14.438988095238102,7650.0,false,65,membrane,5,3_otsuOffset,inner
8,output\processed_images\3_otsuOffset\membrane\strip_8.png,1.315,0.7604562737642585,200,263,127.20833333333333,13,14.438988095238102,7650.0,false,70,membrane,6,3_otsuOffset,inner
8,output\processed_images\3_otsuOffset\membrane\strip_8.png,1.315,0.7604562737642585,200,263,127.20833333333333,13,11.861111111111114,7650.0,false,93,membrane,7,3_otsuOffset,inner
8,output\processed_images\3_otsuOffset\membrane\strip_8.png,1.315,0.7604562737642585,200,263,127.20833333333333,13,13.27884615384616,7650.0,false,110,membrane,8,3_otsuOffset,inner
8,output\processed_images\3_otsuOffset\membrane\strip_8.png,1.315,0.7604562737642585,200,263,127.20833333333333,13,2.125,12112.5,false,117,membrane,9,3_otsuOffset,inner
8,output\processed_images\3_otsuOffset\membrane\strip_8.png,1.315,0.7604562737642585,200,263,127.20833333333333,13,1.5555555555555571,14407.5,false,128,membrane,10,3_otsuOffset,inner
8,output\processed_images\3_otsuOffset\membrane\strip_8.png,1.315,0.7604562737642585,200,263,127.20833333333333,13,13.135338345864668,7650.0,false,133,membrane,11,3_otsuOffset,inner
8,output\processed_images\3_otsuOffset\membrane\strip_8.png,1.315,0.7604562737642585,200,263,127.20833333333333,13,8.206140350877178,7777.5,false,147,membrane,12,3_otsuOffset,outer
