strip,image_name,px_per_nm,nm_per_px,scale,scale_pixels,grana_height,num_lumen,repeat_distance,lumen_width,lumen_width_heights,peaks,type,process,index
0,output\processed_images\5_otsuOffset\membrane\strip_0.png,1.315,0.7604562737642585,200,263,104.7953216374269,9,0.0,1.0,510.0,42,lumen,5_otsuOffset,0
0,output\processed_images\5_otsuOffset\membrane\strip_0.png,1.315,0.7604562737642585,200,263,104.7953216374269,9,25.23,3.313479623824456,6757.5,64,lumen,5_otsuOffset,1
0,output\processed_images\5_otsuOffset\membrane\strip_0.png,1.315,0.7604562737642585,200,263,104.7953216374269,9,0.0,2.0,637.5,69,lumen,5_otsuOffset,2
0,output\processed_images\5_otsuOffset\membrane\strip_0.png,1.315,0.7604562737642585,200,263,104.7953216374269,9,21.95,4.576470588235296,7650.0,86,lumen,5_otsuOffset,3
0,output\processed_images\5_otsuOffset\membrane\strip_0.png,1.315,0.7604562737642585,200,263,104.7953216374269,9,0.0,1.0,510.0,94,lumen,5_otsuOffset,4
0,output\processed_images\5_otsuOffset\membrane\strip_0.png,1.315,0.7604562737642585,200,263,104.7953216374269,9,22.06,5.21875,7650.0,107,lumen,5_otsuOffset,5
0,output\processed_images\5_otsuOffset\membrane\strip_0.png,1.315,0.7604562737642585,200,263,104.7953216374269,9,0.0,2.0,510.0,115,lumen,5_otsuOffset,6
0,output\processed_images\5_otsuOffset\membrane\strip_0.png,1.315,0.7604562737642585,200,263,104.7953216374269,9,10.83,4.258064516129025,5865.0,128,lumen,5_otsuOffset,7
0,output\processed_images\5_otsuOffset\membrane\strip_0.png,1.315,0.7604562737642585,200,263,104.7953216374269,9,6.34,0.75,8287.5,130,lumen,5_otsuOffset,8
1,output\processed_images\5_otsuOffset\membrane\strip_1.png,1.315,0.7604562737642585,200,263,163.06926406926405,16,14.77,4.1875,5992.5,20,lumen,5_otsuOffset,0
1,output\processed_images\5_otsuOffset\membrane\strip_1.png,1.315,0.7604562737642585,200,263,163.06926406926405,16,0.0,4.7500000000000036,1402.5,30,lumen,5_otsuOffset,1
1,output\processed_images\5_otsuOffset\membrane\strip_1.png,1.315,0.7604562737642585,200,263,163.06926406926405,16,22.06,7.336206896551722,7650.0,40,lumen,5_otsuOffset,2
1,output\processed_images\5_otsuOffset\membrane\strip_1.png,1.315,0.7604562737642585,200,263,163.06926406926405,16,21.09,7.034722222222221,7650.0,61,lumen,5_otsuOffset,3
1,output\processed_images\5_otsuOffset\membrane\strip_1.png,1.315,0.7604562737642585,200,263,163.06926406926405,16,4.54,0.5499999999999972,2422.5,76,lumen,5_otsuOffset,4
1,output\processed_images\5_otsuOffset\membrane\strip_1.png,1.315,0.7604562737642585,200,263,163.06926406926405,16,10.27,9.787499999999994,7650.0,84,lumen,5_otsuOffset,5
1,output\processed_images\5_otsuOffset\membrane\strip_1.png,1.315,0.7604562737642585,200,263,163.06926406926405,16,2.17,0.78125,9307.5,88,lumen,5_otsuOffset,6
1,output\processed_images\5_otsuOffset\membrane\strip_1.png,1.315,0.7604562737642585,200,263,163.06926406926405,16,5.5,0.558823529411768,6630.0,90,lumen,5_otsuOffset,7
1,output\processed_images\5_otsuOffset\membrane\strip_1.png,1.315,0.7604562737642585,200,263,163.06926406926405,16,3.07,1.7999999999999972,2167.5,96,lumen,5_otsuOffset,8
1,output\processed_images\5_otsuOffset\membrane\strip_1.png,1.315,0.7604562737642585,200,263,163.06926406926405,16,2.04,0.6111111111111143,5865.0,99,lumen,5_otsuOffset,9
1,output\processed_images\5_otsuOffset\membrane\strip_1.png,1.315,0.7604562737642585,200,263,163.06926406926405,16,15.28,6.634615384615387,7650.0,105,lumen,5_otsuOffset,10
1,output\processed_images\5_otsuOffset\membrane\strip_1.png,1.315,0.7604562737642585,200,263,163.06926406926405,16,4.75,1.0,2167.5,119,lumen,5_otsuOffset,11
1,output\processed_images\5_otsuOffset\membrane\strip_1.png,1.315,0.7604562737642585,200,263,163.06926406926405,16,10.35,4.041666666666671,7650.0,124,lumen,5_otsuOffset,12
1,output\processed_images\5_otsuOffset\membrane\strip_1.png,1.315,0.7604562737642585,200,263,163.06926406926405,16,4.1,2.0,2677.5,132,lumen,5_otsuOffset,13
1,output\processed_images\5_otsuOffset\membrane\strip_1.png,1.315,0.7604562737642585,200,263,163.06926406926405,16,21.01,6.363636363636374,7650.0,145,lumen,5_otsuOffset,14
1,output\processed_images\5_otsuOffset\membrane\strip_1.png,1.315,0.7604562737642585,200,263,163.06926406926405,16,15.32,5.246031746031747,7395.0,165,lumen,5_otsuOffset,15
10,output\processed_images\5_otsuOffset\membrane\strip_10.png,1.315,0.7604562737642585,200,263,87.05555555555556,8,10.91,4.213043478260865,7650.0,39,lumen,5_otsuOffset,0
10,output\processed_images\5_otsuOffset\membrane\strip_10.png,1.315,0.7604562737642585,200,263,87.05555555555556,8,4.89,0.7916666666666643,2167.5,45,lumen,5_otsuOffset,1
10,output\processed_images\5_otsuOffset\membrane\strip_10.png,1.315,0.7604562737642585,200,263,87.05555555555556,8,13.03,4.125,7650.0,58,lumen,5_otsuOffset,2
10,output\processed_images\5_otsuOffset\membrane\strip_10.png,1.315,0.7604562737642585,200,263,87.05555555555556,8,6.61,0.5833333333333357,1402.5,62,lumen,5_otsuOffset,3
10,output\processed_images\5_otsuOffset\membrane\strip_10.png,1.315,0.7604562737642585,200,263,87.05555555555556,8,23.43,6.767263427109967,7650.0,79,lumen,5_otsuOffset,4
10,output\processed_images\5_otsuOffset\membrane\strip_10.png,1.315,0.7604562737642585,200,263,87.05555555555556,8,0.0,2.875,637.5,90,lumen,5_otsuOffset,5
10,output\processed_images\5_otsuOffset\membrane\strip_10.png,1.315,0.7604562737642585,200,263,87.05555555555556,8,14.71,3.848214285714292,4080.0,100,lumen,5_otsuOffset,6
10,output\processed_images\5_otsuOffset\membrane\strip_10.png,1.315,0.7604562737642585,200,263,87.05555555555556,8,8.86,1.5357142857142918,12877.5,113,lumen,5_otsuOffset,7
11,output\processed_images\5_otsuOffset\membrane\strip_11.png,1.315,0.7604562737642585,200,263,82.18333333333332,6,6.81,4.977777777777781,5227.5,41,lumen,5_otsuOffset,0
11,output\processed_images\5_otsuOffset\membrane\strip_11.png,1.315,0.7604562737642585,200,263,82.18333333333332,6,9.05,0.6199999999999974,8925.0,43,lumen,5_otsuOffset,1
11,output\processed_images\5_otsuOffset\membrane\strip_11.png,1.315,0.7604562737642585,200,263,82.18333333333332,6,21.21,5.522222222222226,7650.0,61,lumen,5_otsuOffset,2
11,output\processed_images\5_otsuOffset\membrane\strip_11.png,1.315,0.7604562737642585,200,263,82.18333333333332,6,20.57,5.000672043010752,7012.5,82,lumen,5_otsuOffset,3
11,output\processed_images\5_otsuOffset\membrane\strip_11.png,1.315,0.7604562737642585,200,263,82.18333333333332,6,7.0,0.8888888888888857,6502.5,99,lumen,5_otsuOffset,4
11,output\processed_images\5_otsuOffset\membrane\strip_11.png,1.315,0.7604562737642585,200,263,82.18333333333332,6,9.0,7.955882352941174,4590.0,104,lumen,5_otsuOffset,5
12,output\processed_images\5_otsuOffset\membrane\strip_12.png,1.315,0.7604562737642585,200,263,155.50595238095238,14,16.29,5.659468438538205,7650.0,25,lumen,5_otsuOffset,0
12,output\processed_images\5_otsuOffset\membrane\strip_12.png,1.315,0.7604562737642585,200,263,155.50595238095238,14,0.0,1.1923076923076934,2295.0,36,lumen,5_otsuOffset,1
12,output\processed_images\5_otsuOffset\membrane\strip_12.png,1.315,0.7604562737642585,200,263,155.50595238095238,14,21.11,6.071969696969703,7650.0,47,lumen,5_otsuOffset,2
12,output\processed_images\5_otsuOffset\membrane\strip_12.png,1.315,0.7604562737642585,200,263,155.50595238095238,14,0.0,1.875,637.5,57,lumen,5_otsuOffset,3
12,output\processed_images\5_otsuOffset\membrane\strip_12.png,1.315,0.7604562737642585,200,263,155.50595238095238,14,19.14,4.71875,7650.0,68,lumen,5_otsuOffset,4
12,output\processed_images\5_otsuOffset\membrane\strip_12.png,1.315,0.7604562737642585,200,263,155.50595238095238,14,0.0,2.6274509803921546,3060.0,78,lumen,5_otsuOffset,5
12,output\processed_images\5_otsuOffset\membrane\strip_12.png,1.315,0.7604562737642585,200,263,155.50595238095238,14,13.97,6.0391304347826065,7650.0,86,lumen,5_otsuOffset,6
12,output\processed_images\5_otsuOffset\membrane\strip_12.png,1.315,0.7604562737642585,200,263,155.50595238095238,14,5.16,0.6785714285714306,2932.5,92,lumen,5_otsuOffset,7
12,output\processed_images\5_otsuOffset\membrane\strip_12.png,1.315,0.7604562737642585,200,263,155.50595238095238,14,18.75,5.555555555555557,7650.0,105,lumen,5_otsuOffset,8
12,output\processed_images\5_otsuOffset\membrane\strip_12.png,1.315,0.7604562737642585,200,263,155.50595238095238,14,0.0,4.803921568627445,2295.0,114,lumen,5_otsuOffset,9
12,output\processed_images\5_otsuOffset\membrane\strip_12.png,1.315,0.7604562737642585,200,263,155.50595238095238,14,22.34,8.95112414467252,7650.0,125,lumen,5_otsuOffset,10
12,output\processed_images\5_otsuOffset\membrane\strip_12.png,1.315,0.7604562737642585,200,263,155.50595238095238,14,0.0,3.8000000000000114,892.5,137,lumen,5_otsuOffset,11
12,output\processed_images\5_otsuOffset\membrane\strip_12.png,1.315,0.7604562737642585,200,263,155.50595238095238,14,17.44,4.074660633484143,6630.0,145,lumen,5_otsuOffset,12
12,output\processed_images\5_otsuOffset\membrane\strip_12.png,1.315,0.7604562737642585,200,263,155.50595238095238,14,15.36,5.896923076923059,7650.0,163,lumen,5_otsuOffset,13
14,output\processed_images\5_otsuOffset\membrane\strip_14.png,1.315,0.7604562737642585,200,263,71.49728260869566,5,7.44,1.6551724137931032,10582.5,29,lumen,5_otsuOffset,0
14,output\processed_images\5_otsuOffset\membrane\strip_14.png,1.315,0.7604562737642585,200,263,71.49728260869566,5,27.12,6.7251131221719405,5737.5,41,lumen,5_otsuOffset,1
14,output\processed_images\5_otsuOffset\membrane\strip_14.png,1.315,0.7604562737642585,200,263,71.49728260869566,5,0.0,2.8333333333333357,1785.0,61,lumen,5_otsuOffset,2
14,output\processed_images\5_otsuOffset\membrane\strip_14.png,1.315,0.7604562737642585,200,263,71.49728260869566,5,27.71,3.7053763440860195,5227.5,80,lumen,5_otsuOffset,3
14,output\processed_images\5_otsuOffset\membrane\strip_14.png,1.315,0.7604562737642585,200,263,71.49728260869566,5,4.79,0.5999999999999943,1147.5,93,lumen,5_otsuOffset,4
15,output\processed_images\5_otsuOffset\membrane\strip_15.png,1.315,0.7604562737642585,200,263,157.3325,15,14.89,3.6875,7267.5,26,lumen,5_otsuOffset,0
15,output\processed_images\5_otsuOffset\membrane\strip_15.png,1.315,0.7604562737642585,200,263,157.3325,15,0.0,3.5,1275.0,35,lumen,5_otsuOffset,1
15,output\processed_images\5_otsuOffset\membrane\strip_15.png,1.315,0.7604562737642585,200,263,157.3325,15,20.95,6.854166666666664,7650.0,45,lumen,5_otsuOffset,2
15,output\processed_images\5_otsuOffset\membrane\strip_15.png,1.315,0.7604562737642585,200,263,157.3325,15,0.0,1.0,510.0,55,lumen,5_otsuOffset,3
15,output\processed_images\5_otsuOffset\membrane\strip_15.png,1.315,0.7604562737642585,200,263,157.3325,15,18.28,4.962500000000006,6247.5,64,lumen,5_otsuOffset,4
15,output\processed_images\5_otsuOffset\membrane\strip_15.png,1.315,0.7604562737642585,200,263,157.3325,15,0.0,1.0,382.5,71,lumen,5_otsuOffset,5
15,output\processed_images\5_otsuOffset\membrane\strip_15.png,1.315,0.7604562737642585,200,263,157.3325,15,16.81,6.939024390243901,7650.0,84,lumen,5_otsuOffset,6
15,output\processed_images\5_otsuOffset\membrane\strip_15.png,1.315,0.7604562737642585,200,263,157.3325,15,6.57,3.547008547008545,4462.5,93,lumen,5_otsuOffset,7
15,output\processed_images\5_otsuOffset\membrane\strip_15.png,1.315,0.7604562737642585,200,263,157.3325,15,19.06,8.75,7650.0,102,lumen,5_otsuOffset,8
15,output\processed_images\5_otsuOffset\membrane\strip_15.png,1.315,0.7604562737642585,200,263,157.3325,15,0.0,4.0,382.5,113,lumen,5_otsuOffset,9
15,output\processed_images\5_otsuOffset\membrane\strip_15.png,1.315,0.7604562737642585,200,263,157.3325,15,19.12,5.644021739130437,7650.0,125,lumen,5_otsuOffset,10
15,output\processed_images\5_otsuOffset\membrane\strip_15.png,1.315,0.7604562737642585,200,263,157.3325,15,0.0,1.0,1020.0,134,lumen,5_otsuOffset,11
15,output\processed_images\5_otsuOffset\membrane\strip_15.png,1.315,0.7604562737642585,200,263,157.3325,15,19.33,5.566666666666663,7650.0,143,lumen,5_otsuOffset,12
15,output\processed_images\5_otsuOffset\membrane\strip_15.png,1.315,0.7604562737642585,200,263,157.3325,15,0.0,2.5,1275.0,157,lumen,5_otsuOffset,13
15,output\processed_images\5_otsuOffset\membrane\strip_15.png,1.315,0.7604562737642585,200,263,157.3325,15,14.69,4.017316017316034,7650.0,164,lumen,5_otsuOffset,14
16,output\processed_images\5_otsuOffset\membrane\strip_16.png,1.315,0.7604562737642585,200,263,44.02727272727273,3,16.29,3.5278637770897845,6375.0,34,lumen,5_otsuOffset,0
16,output\processed_images\5_otsuOffset\membrane\strip_16.png,1.315,0.7604562737642585,200,263,44.02727272727273,3,15.12,3.0809595202398796,5100.0,52,lumen,5_otsuOffset,1
16,output\processed_images\5_otsuOffset\membrane\strip_16.png,1.315,0.7604562737642585,200,263,44.02727272727273,3,6.86,0.6315789473684248,11347.5,65,lumen,5_otsuOffset,2
19,output\processed_images\5_otsuOffset\membrane\strip_19.png,1.315,0.7604562737642585,200,263,127.66666666666666,13,0.0,1.5999999999999943,1020.0,34,lumen,5_otsuOffset,0
19,output\processed_images\5_otsuOffset\membrane\strip_19.png,1.315,0.7604562737642585,200,263,127.66666666666666,13,0.0,1.1388888888888857,2932.5,39,lumen,5_otsuOffset,1
19,output\processed_images\5_otsuOffset\membrane\strip_19.png,1.315,0.7604562737642585,200,263,127.66666666666666,13,0.0,2.3506493506493484,3442.5,42,lumen,5_otsuOffset,2
19,output\processed_images\5_otsuOffset\membrane\strip_19.png,1.315,0.7604562737642585,200,263,127.66666666666666,13,17.13,5.25,6630.0,58,lumen,5_otsuOffset,3
19,output\processed_images\5_otsuOffset\membrane\strip_19.png,1.315,0.7604562737642585,200,263,127.66666666666666,13,9.67,1.2857142857142847,8032.5,62,lumen,5_otsuOffset,4
19,output\processed_images\5_otsuOffset\membrane\strip_19.png,1.315,0.7604562737642585,200,263,127.66666666666666,13,0.0,2.0,510.0,71,lumen,5_otsuOffset,5
19,output\processed_images\5_otsuOffset\membrane\strip_19.png,1.315,0.7604562737642585,200,263,127.66666666666666,13,25.77,10.32142857142857,7650.0,82,lumen,5_otsuOffset,6
19,output\processed_images\5_otsuOffset\membrane\strip_19.png,1.315,0.7604562737642585,200,263,127.66666666666666,13,20.05,4.47545219638242,7650.0,107,lumen,5_otsuOffset,7
19,output\processed_images\5_otsuOffset\membrane\strip_19.png,1.315,0.7604562737642585,200,263,127.66666666666666,13,21.8,7.666666666666671,6885.0,127,lumen,5_otsuOffset,8
19,output\processed_images\5_otsuOffset\membrane\strip_19.png,1.315,0.7604562737642585,200,263,127.66666666666666,13,0.0,1.0,382.5,134,lumen,5_otsuOffset,9
19,output\processed_images\5_otsuOffset\membrane\strip_19.png,1.315,0.7604562737642585,200,263,127.66666666666666,13,0.0,1.0,382.5,136,lumen,5_otsuOffset,10
19,output\processed_images\5_otsuOffset\membrane\strip_19.png,1.315,0.7604562737642585,200,263,127.66666666666666,13,9.4,7.180803571428584,5227.5,146,lumen,5_otsuOffset,11
19,output\processed_images\5_otsuOffset\membrane\strip_19.png,1.315,0.7604562737642585,200,263,127.66666666666666,13,7.44,7.180803571428584,5227.5,149,lumen,5_otsuOffset,12
2,output\processed_images\5_otsuOffset\membrane\strip_2.png,1.315,0.7604562737642585,200,263,163.7173913043478,19,14.51,3.4833333333333307,6630.0,29,lumen,5_otsuOffset,0
2,output\processed_images\5_otsuOffset\membrane\strip_2.png,1.315,0.7604562737642585,200,263,163.7173913043478,19,0.0,3.68452380952381,2167.5,40,lumen,5_otsuOffset,1
2,output\processed_images\5_otsuOffset\membrane\strip_2.png,1.315,0.7604562737642585,200,263,163.7173913043478,19,22.18,6.819397993311036,7650.0,49,lumen,5_otsuOffset,2
2,output\processed_images\5_otsuOffset\membrane\strip_2.png,1.315,0.7604562737642585,200,263,163.7173913043478,19,0.0,1.0,382.5,58,lumen,5_otsuOffset,3
2,output\processed_images\5_otsuOffset\membrane\strip_2.png,1.315,0.7604562737642585,200,263,163.7173913043478,19,0.0,2.857142857142854,1530.0,62,lumen,5_otsuOffset,4
2,output\processed_images\5_otsuOffset\membrane\strip_2.png,1.315,0.7604562737642585,200,263,163.7173913043478,19,21.91,6.511904761904759,7650.0,71,lumen,5_otsuOffset,5
2,output\processed_images\5_otsuOffset\membrane\strip_2.png,1.315,0.7604562737642585,200,263,163.7173913043478,19,0.0,1.75,765.0,81,lumen,5_otsuOffset,6
2,output\processed_images\5_otsuOffset\membrane\strip_2.png,1.315,0.7604562737642585,200,263,163.7173913043478,19,4.61,0.7777777777777715,2677.5,86,lumen,5_otsuOffset,7
2,output\processed_images\5_otsuOffset\membrane\strip_2.png,1.315,0.7604562737642585,200,263,163.7173913043478,19,18.99,9.683333333333323,6247.5,93,lumen,5_otsuOffset,8
2,output\processed_images\5_otsuOffset\membrane\strip_2.png,1.315,0.7604562737642585,200,263,163.7173913043478,19,3.08,1.8125,5992.5,107,lumen,5_otsuOffset,9
2,output\processed_images\5_otsuOffset\membrane\strip_2.png,1.315,0.7604562737642585,200,263,163.7173913043478,19,2.84,0.681818181818187,6885.0,110,lumen,5_otsuOffset,10
2,output\processed_images\5_otsuOffset\membrane\strip_2.png,1.315,0.7604562737642585,200,263,163.7173913043478,19,13.02,8.157575757575756,5737.5,115,lumen,5_otsuOffset,11
2,output\processed_images\5_otsuOffset\membrane\strip_2.png,1.315,0.7604562737642585,200,263,163.7173913043478,19,0.0,1.875,637.5,127,lumen,5_otsuOffset,12
2,output\processed_images\5_otsuOffset\membrane\strip_2.png,1.315,0.7604562737642585,200,263,163.7173913043478,19,14.98,5.285714285714278,5865.0,134,lumen,5_otsuOffset,13
2,output\processed_images\5_otsuOffset\membrane\strip_2.png,1.315,0.7604562737642585,200,263,163.7173913043478,19,2.44,1.0,3060.0,141,lumen,5_otsuOffset,14
2,output\processed_images\5_otsuOffset\membrane\strip_2.png,1.315,0.7604562737642585,200,263,163.7173913043478,19,2.29,1.5454545454545325,2677.5,143,lumen,5_otsuOffset,15
2,output\processed_images\5_otsuOffset\membrane\strip_2.png,1.315,0.7604562737642585,200,263,163.7173913043478,19,20.02,4.573529411764696,7650.0,155,lumen,5_otsuOffset,16
2,output\processed_images\5_otsuOffset\membrane\strip_2.png,1.315,0.7604562737642585,200,263,163.7173913043478,19,0.0,3.5,1275.0,165,lumen,5_otsuOffset,17
2,output\processed_images\5_otsuOffset\membrane\strip_2.png,1.315,0.7604562737642585,200,263,163.7173913043478,19,15.36,4.6678571428571445,6757.5,174,lumen,5_otsuOffset,18
20,output\processed_images\5_otsuOffset\membrane\strip_20.png,1.315,0.7604562737642585,200,263,64.32671957671957,4,14.94,3.3013392857142847,6247.5,46,lumen,5_otsuOffset,0
20,output\processed_images\5_otsuOffset\membrane\strip_20.png,1.315,0.7604562737642585,200,263,64.32671957671957,4,21.82,7.75,6120.0,66,lumen,5_otsuOffset,1
20,output\processed_images\5_otsuOffset\membrane\strip_20.png,1.315,0.7604562737642585,200,263,64.32671957671957,4,11.5,3.402476780185765,5355.0,85,lumen,5_otsuOffset,2
20,output\processed_images\5_otsuOffset\membrane\strip_20.png,1.315,0.7604562737642585,200,263,64.32671957671957,4,5.12,0.78125,5737.5,88,lumen,5_otsuOffset,3
21,output\processed_images\5_otsuOffset\membrane\strip_21.png,1.315,0.7604562737642585,200,263,89.64923076923077,7,21.76,3.4639423076923066,6247.5,36,lumen,5_otsuOffset,0
21,output\processed_images\5_otsuOffset\membrane\strip_21.png,1.315,0.7604562737642585,200,263,89.64923076923077,7,0.0,1.0,382.5,44,lumen,5_otsuOffset,1
21,output\processed_images\5_otsuOffset\membrane\strip_21.png,1.315,0.7604562737642585,200,263,89.64923076923077,7,0.68,3.0392156862745097,3442.5,51,lumen,5_otsuOffset,2
21,output\processed_images\5_otsuOffset\membrane\strip_21.png,1.315,0.7604562737642585,200,263,89.64923076923077,7,-0.68,1.0,3060.0,54,lumen,5_otsuOffset,3
21,output\processed_images\5_otsuOffset\membrane\strip_21.png,1.315,0.7604562737642585,200,263,89.64923076923077,7,27.21,5.34482758620689,7140.0,71,lumen,5_otsuOffset,4
21,output\processed_images\5_otsuOffset\membrane\strip_21.png,1.315,0.7604562737642585,200,263,89.64923076923077,7,18.17,4.54871794871795,7650.0,88,lumen,5_otsuOffset,5
21,output\processed_images\5_otsuOffset\membrane\strip_21.png,1.315,0.7604562737642585,200,263,89.64923076923077,7,15.02,4.376623376623385,7650.0,106,lumen,5_otsuOffset,6
22,output\processed_images\5_otsuOffset\membrane\strip_22.png,1.315,0.7604562737642585,200,263,90.78888888888889,5,0.0,3.3999999999999986,1530.0,56,lumen,5_otsuOffset,0
22,output\processed_images\5_otsuOffset\membrane\strip_22.png,1.315,0.7604562737642585,200,263,90.78888888888889,5,25.2,4.427450980392166,7650.0,75,lumen,5_otsuOffset,1
22,output\processed_images\5_otsuOffset\membrane\strip_22.png,1.315,0.7604562737642585,200,263,90.78888888888889,5,16.6,2.642857142857139,4590.0,94,lumen,5_otsuOffset,2
22,output\processed_images\5_otsuOffset\membrane\strip_22.png,1.315,0.7604562737642585,200,263,90.78888888888889,5,22.93,3.6785714285714306,4845.0,110,lumen,5_otsuOffset,3
22,output\processed_images\5_otsuOffset\membrane\strip_22.png,1.315,0.7604562737642585,200,263,90.78888888888889,5,0.0,3.9499999999999886,1402.5,127,lumen,5_otsuOffset,4
23,output\processed_images\5_otsuOffset\membrane\strip_23.png,1.315,0.7604562737642585,200,263,142.35555555555555,10,17.11,5.115546218487395,7140.0,50,lumen,5_otsuOffset,0
23,output\processed_images\5_otsuOffset\membrane\strip_23.png,1.315,0.7604562737642585,200,263,142.35555555555555,10,19.55,4.393939393939405,7650.0,70,lumen,5_otsuOffset,1
23,output\processed_images\5_otsuOffset\membrane\strip_23.png,1.315,0.7604562737642585,200,263,142.35555555555555,10,20.43,5.882352941176478,7650.0,90,lumen,5_otsuOffset,2
23,output\processed_images\5_otsuOffset\membrane\strip_23.png,1.315,0.7604562737642585,200,263,142.35555555555555,10,0.0,1.875,637.5,100,lumen,5_otsuOffset,3
23,output\processed_images\5_otsuOffset\membrane\strip_23.png,1.315,0.7604562737642585,200,263,142.35555555555555,10,9.5,0.75555555555556,11475.0,108,lumen,5_otsuOffset,4
23,output\processed_images\5_otsuOffset\membrane\strip_23.png,1.315,0.7604562737642585,200,263,142.35555555555555,10,11.47,6.904444444444437,6630.0,111,lumen,5_otsuOffset,5
23,output\processed_images\5_otsuOffset\membrane\strip_23.png,1.315,0.7604562737642585,200,263,142.35555555555555,10,12.96,4.5277777777778,6757.5,130,lumen,5_otsuOffset,6
23,output\processed_images\5_otsuOffset\membrane\strip_23.png,1.315,0.7604562737642585,200,263,142.35555555555555,10,5.7,0.7105263157894797,5610.0,135,lumen,5_otsuOffset,7
23,output\processed_images\5_otsuOffset\membrane\strip_23.png,1.315,0.7604562737642585,200,263,142.35555555555555,10,20.0,4.483516483516496,7650.0,150,lumen,5_otsuOffset,8
23,output\processed_images\5_otsuOffset\membrane\strip_23.png,1.315,0.7604562737642585,200,263,142.35555555555555,10,16.61,4.036020583190378,7650.0,170,lumen,5_otsuOffset,9
24,output\processed_images\5_otsuOffset\membrane\strip_24.png,1.315,0.7604562737642585,200,263,60.099999999999994,3,0.0,1.0,510.0,40,lumen,5_otsuOffset,0
24,output\processed_images\5_otsuOffset\membrane\strip_24.png,1.315,0.7604562737642585,200,263,60.099999999999994,3,27.27,6.766666666666666,7650.0,60,lumen,5_otsuOffset,1
24,output\processed_images\5_otsuOffset\membrane\strip_24.png,1.315,0.7604562737642585,200,263,60.099999999999994,3,14.86,2.5598659003831443,6502.5,79,lumen,5_otsuOffset,2
25,output\processed_images\5_otsuOffset\membrane\strip_25.png,1.315,0.7604562737642585,200,263,80.84502923976608,5,5.53,0.75,13132.5,27,lumen,5_otsuOffset,0
25,output\processed_images\5_otsuOffset\membrane\strip_25.png,1.315,0.7604562737642585,200,263,80.84502923976608,5,12.81,0.8076923076923066,4590.0,33,lumen,5_otsuOffset,1
25,output\processed_images\5_otsuOffset\membrane\strip_25.png,1.315,0.7604562737642585,200,263,80.84502923976608,5,27.31,5.127450980392162,7650.0,61,lumen,5_otsuOffset,2
25,output\processed_images\5_otsuOffset\membrane\strip_25.png,1.315,0.7604562737642585,200,263,80.84502923976608,5,22.57,2.907828282828291,6502.5,81,lumen,5_otsuOffset,3
25,output\processed_images\5_otsuOffset\membrane\strip_25.png,1.315,0.7604562737642585,200,263,80.84502923976608,5,0.0,1.2999999999999972,1020.0,100,lumen,5_otsuOffset,4
26,output\processed_images\5_otsuOffset\membrane\strip_26.png,1.315,0.7604562737642585,200,263,94.32929292929293,9,0.0,2.68181818181818,2295.0,38,lumen,5_otsuOffset,0
26,output\processed_images\5_otsuOffset\membrane\strip_26.png,1.315,0.7604562737642585,200,263,94.32929292929293,9,18.64,6.1375661375661394,7650.0,57,lumen,5_otsuOffset,1
26,output\processed_images\5_otsuOffset\membrane\strip_26.png,1.315,0.7604562737642585,200,263,94.32929292929293,9,7.0,0.5499999999999972,6757.5,61,lumen,5_otsuOffset,2
26,output\processed_images\5_otsuOffset\membrane\strip_26.png,1.315,0.7604562737642585,200,263,94.32929292929293,9,5.84,1.6153846153846132,5865.0,72,lumen,5_otsuOffset,3
26,output\processed_images\5_otsuOffset\membrane\strip_26.png,1.315,0.7604562737642585,200,263,94.32929292929293,9,2.7,0.625,8160.0,75,lumen,5_otsuOffset,4
26,output\processed_images\5_otsuOffset\membrane\strip_26.png,1.315,0.7604562737642585,200,263,94.32929292929293,9,10.16,5.75,5992.5,77,lumen,5_otsuOffset,5
26,output\processed_images\5_otsuOffset\membrane\strip_26.png,1.315,0.7604562737642585,200,263,94.32929292929293,9,24.36,4.854166666666671,5992.5,95,lumen,5_otsuOffset,6
26,output\processed_images\5_otsuOffset\membrane\strip_26.png,1.315,0.7604562737642585,200,263,94.32929292929293,9,4.83,5.571428571428569,2805.0,114,lumen,5_otsuOffset,7
26,output\processed_images\5_otsuOffset\membrane\strip_26.png,1.315,0.7604562737642585,200,263,94.32929292929293,9,-4.83,0.6071428571428612,4462.5,116,lumen,5_otsuOffset,8
27,output\processed_images\5_otsuOffset\membrane\strip_27.png,0.88,1.1363636363636365,500,440,109.60695187165774,7,12.2,4.646153846153844,5482.5,34,lumen,5_otsuOffset,0
27,output\processed_images\5_otsuOffset\membrane\strip_27.png,0.88,1.1363636363636365,500,440,109.60695187165774,7,15.99,5.065040650406509,7650.0,49,lumen,5_otsuOffset,1
27,output\processed_images\5_otsuOffset\membrane\strip_27.png,0.88,1.1363636363636365,500,440,109.60695187165774,7,17.09,5.667226890756311,7650.0,63,lumen,5_otsuOffset,2
27,output\processed_images\5_otsuOffset\membrane\strip_27.png,0.88,1.1363636363636365,500,440,109.60695187165774,7,14.12,4.1200000000000045,5992.5,81,lumen,5_otsuOffset,3
27,output\processed_images\5_otsuOffset\membrane\strip_27.png,0.88,1.1363636363636365,500,440,109.60695187165774,7,15.23,5.166666666666657,7650.0,95,lumen,5_otsuOffset,4
27,output\processed_images\5_otsuOffset\membrane\strip_27.png,0.88,1.1363636363636365,500,440,109.60695187165774,7,15.57,5.345811051693403,7650.0,110,lumen,5_otsuOffset,5
27,output\processed_images\5_otsuOffset\membrane\strip_27.png,0.88,1.1363636363636365,500,440,109.60695187165774,7,12.42,3.1538461538461604,8415.0,126,lumen,5_otsuOffset,6
28,output\processed_images\5_otsuOffset\membrane\strip_28.png,0.88,1.1363636363636365,500,440,81.29096989966555,6,0.0,1.0,382.5,35,lumen,5_otsuOffset,0
28,output\processed_images\5_otsuOffset\membrane\strip_28.png,0.88,1.1363636363636365,500,440,81.29096989966555,6,12.3,2.4848484848484844,5100.0,39,lumen,5_otsuOffset,1
28,output\processed_images\5_otsuOffset\membrane\strip_28.png,0.88,1.1363636363636365,500,440,81.29096989966555,6,16.03,3.079103493737641,7650.0,54,lumen,5_otsuOffset,2
28,output\processed_images\5_otsuOffset\membrane\strip_28.png,0.88,1.1363636363636365,500,440,81.29096989966555,6,15.47,3.9480519480519547,5737.5,70,lumen,5_otsuOffset,3
28,output\processed_images\5_otsuOffset\membrane\strip_28.png,0.88,1.1363636363636365,500,440,81.29096989966555,6,16.12,3.4589473684210503,7650.0,86,lumen,5_otsuOffset,4
28,output\processed_images\5_otsuOffset\membrane\strip_28.png,0.88,1.1363636363636365,500,440,81.29096989966555,6,12.84,3.1806020066889573,4080.0,101,lumen,5_otsuOffset,5
29,output\processed_images\5_otsuOffset\membrane\strip_29.png,0.88,1.1363636363636365,500,440,124.8685064935065,9,11.76,4.142857142857139,5865.0,34,lumen,5_otsuOffset,0
29,output\processed_images\5_otsuOffset\membrane\strip_29.png,0.88,1.1363636363636365,500,440,124.8685064935065,9,16.0,5.1048951048951,7650.0,48,lumen,5_otsuOffset,1
29,output\processed_images\5_otsuOffset\membrane\strip_29.png,0.88,1.1363636363636365,500,440,124.8685064935065,9,14.63,4.452380952380956,7650.0,64,lumen,5_otsuOffset,2
29,output\processed_images\5_otsuOffset\membrane\strip_29.png,0.88,1.1363636363636365,500,440,124.8685064935065,9,0.0,1.0,510.0,74,lumen,5_otsuOffset,3
29,output\processed_images\5_otsuOffset\membrane\strip_29.png,0.88,1.1363636363636365,500,440,124.8685064935065,9,15.38,5.2192307692307764,7650.0,78,lumen,5_otsuOffset,4
29,output\processed_images\5_otsuOffset\membrane\strip_29.png,0.88,1.1363636363636365,500,440,124.8685064935065,9,13.58,4.305555555555557,6375.0,93,lumen,5_otsuOffset,5
29,output\processed_images\5_otsuOffset\membrane\strip_29.png,0.88,1.1363636363636365,500,440,124.8685064935065,9,16.8,7.0,7650.0,109,lumen,5_otsuOffset,6
29,output\processed_images\5_otsuOffset\membrane\strip_29.png,0.88,1.1363636363636365,500,440,124.8685064935065,9,17.89,7.459051724137936,7650.0,126,lumen,5_otsuOffset,7
29,output\processed_images\5_otsuOffset\membrane\strip_29.png,0.88,1.1363636363636365,500,440,124.8685064935065,9,12.03,3.3367003367003463,8032.5,142,lumen,5_otsuOffset,8
30,output\processed_images\5_otsuOffset\membrane\strip_30.png,0.88,1.1363636363636365,500,440,193.59523809523807,15,6.92,3.314699792960667,4845.0,55,lumen,5_otsuOffset,0
30,output\processed_images\5_otsuOffset\membrane\strip_30.png,0.88,1.1363636363636365,500,440,193.59523809523807,15,4.71,0.7000000000000028,4080.0,58,lumen,5_otsuOffset,1
30,output\processed_images\5_otsuOffset\membrane\strip_30.png,0.88,1.1363636363636365,500,440,193.59523809523807,15,7.94,0.5625,12112.5,69,lumen,5_otsuOffset,2
30,output\processed_images\5_otsuOffset\membrane\strip_30.png,0.88,1.1363636363636365,500,440,193.59523809523807,15,6.94,5.56547619047619,6502.5,71,lumen,5_otsuOffset,3
30,output\processed_images\5_otsuOffset\membrane\strip_30.png,0.88,1.1363636363636365,500,440,193.59523809523807,15,15.73,6.650000000000006,7650.0,86,lumen,5_otsuOffset,4
30,output\processed_images\5_otsuOffset\membrane\strip_30.png,0.88,1.1363636363636365,500,440,193.59523809523807,15,13.47,3.768939393939405,5865.0,99,lumen,5_otsuOffset,5
30,output\processed_images\5_otsuOffset\membrane\strip_30.png,0.88,1.1363636363636365,500,440,193.59523809523807,15,15.38,4.712121212121218,7650.0,114,lumen,5_otsuOffset,6
30,output\processed_images\5_otsuOffset\membrane\strip_30.png,0.88,1.1363636363636365,500,440,193.59523809523807,15,15.6,5.185520361990953,7650.0,129,lumen,5_otsuOffset,7
30,output\processed_images\5_otsuOffset\membrane\strip_30.png,0.88,1.1363636363636365,500,440,193.59523809523807,15,13.92,3.149206349206338,7650.0,144,lumen,5_otsuOffset,8
30,output\processed_images\5_otsuOffset\membrane\strip_30.png,0.88,1.1363636363636365,500,440,193.59523809523807,15,14.09,3.6521739130434696,7650.0,157,lumen,5_otsuOffset,9
30,output\processed_images\5_otsuOffset\membrane\strip_30.png,0.88,1.1363636363636365,500,440,193.59523809523807,15,15.35,5.224242424242419,7650.0,173,lumen,5_otsuOffset,10
30,output\processed_images\5_otsuOffset\membrane\strip_30.png,0.88,1.1363636363636365,500,440,193.59523809523807,15,15.62,5.191666666666663,7650.0,189,lumen,5_otsuOffset,11
30,output\processed_images\5_otsuOffset\membrane\strip_30.png,0.88,1.1363636363636365,500,440,193.59523809523807,15,14.53,4.468487394958004,7650.0,203,lumen,5_otsuOffset,12
30,output\processed_images\5_otsuOffset\membrane\strip_30.png,0.88,1.1363636363636365,500,440,193.59523809523807,15,14.55,4.464285714285722,7650.0,218,lumen,5_otsuOffset,13
30,output\processed_images\5_otsuOffset\membrane\strip_30.png,0.88,1.1363636363636365,500,440,193.59523809523807,15,11.48,3.6217105263157805,5737.5,232,lumen,5_otsuOffset,14
31,output\processed_images\5_otsuOffset\membrane\strip_31.png,0.88,1.1363636363636365,500,440,128.34285714285713,14,4.6,0.6111111111111143,13515.0,37,lumen,5_otsuOffset,0
31,output\processed_images\5_otsuOffset\membrane\strip_31.png,0.88,1.1363636363636365,500,440,128.34285714285713,14,8.97,6.757352941176471,8160.0,39,lumen,5_otsuOffset,1
31,output\processed_images\5_otsuOffset\membrane\strip_31.png,0.88,1.1363636363636365,500,440,128.34285714285713,14,0.0,1.0,382.5,46,lumen,5_otsuOffset,2
31,output\processed_images\5_otsuOffset\membrane\strip_31.png,0.88,1.1363636363636365,500,440,128.34285714285713,14,12.8,5.306666666666665,6502.5,53,lumen,5_otsuOffset,3
31,output\processed_images\5_otsuOffset\membrane\strip_31.png,0.88,1.1363636363636365,500,440,128.34285714285713,14,0.0,1.0,1020.0,61,lumen,5_otsuOffset,4
31,output\processed_images\5_otsuOffset\membrane\strip_31.png,0.88,1.1363636363636365,500,440,128.34285714285713,14,17.18,7.150793650793659,6885.0,67,lumen,5_otsuOffset,5
31,output\processed_images\5_otsuOffset\membrane\strip_31.png,0.88,1.1363636363636365,500,440,128.34285714285713,14,16.63,5.624458874458881,6502.5,86,lumen,5_otsuOffset,6
31,output\processed_images\5_otsuOffset\membrane\strip_31.png,0.88,1.1363636363636365,500,440,128.34285714285713,14,0.0,1.0,382.5,93,lumen,5_otsuOffset,7
31,output\processed_images\5_otsuOffset\membrane\strip_31.png,0.88,1.1363636363636365,500,440,128.34285714285713,14,15.41,5.5,7650.0,101,lumen,5_otsuOffset,8
31,output\processed_images\5_otsuOffset\membrane\strip_31.png,0.88,1.1363636363636365,500,440,128.34285714285713,14,15.33,6.416666666666671,7650.0,115,lumen,5_otsuOffset,9
31,output\processed_images\5_otsuOffset\membrane\strip_31.png,0.88,1.1363636363636365,500,440,128.34285714285713,14,7.75,6.641025641025649,5610.0,130,lumen,5_otsuOffset,10
31,output\processed_images\5_otsuOffset\membrane\strip_31.png,0.88,1.1363636363636365,500,440,128.34285714285713,14,6.38,0.6875,8287.5,133,lumen,5_otsuOffset,11
31,output\processed_images\5_otsuOffset\membrane\strip_31.png,0.88,1.1363636363636365,500,440,128.34285714285713,14,16.22,8.532467532467535,6502.5,144,lumen,5_otsuOffset,12
31,output\processed_images\5_otsuOffset\membrane\strip_31.png,0.88,1.1363636363636365,500,440,128.34285714285713,14,2.53,0.5357142857142776,3442.5,156,lumen,5_otsuOffset,13
32,output\processed_images\5_otsuOffset\membrane\strip_32.png,0.88,1.1363636363636365,500,440,99.625,14,13.71,4.540106951871664,7650.0,37,lumen,5_otsuOffset,0
32,output\processed_images\5_otsuOffset\membrane\strip_32.png,0.88,1.1363636363636365,500,440,99.625,14,4.91,0.5750000000000028,7012.5,48,lumen,5_otsuOffset,1
32,output\processed_images\5_otsuOffset\membrane\strip_32.png,0.88,1.1363636363636365,500,440,99.625,14,3.03,0.8333333333333357,11220.0,51,lumen,5_otsuOffset,2
32,output\processed_images\5_otsuOffset\membrane\strip_32.png,0.88,1.1363636363636365,500,440,99.625,14,8.12,5.833333333333336,7650.0,53,lumen,5_otsuOffset,3
32,output\processed_images\5_otsuOffset\membrane\strip_32.png,0.88,1.1363636363636365,500,440,99.625,14,5.89,0.6129032258064484,9562.5,65,lumen,5_otsuOffset,4
32,output\processed_images\5_otsuOffset\membrane\strip_32.png,0.88,1.1363636363636365,500,440,99.625,14,2.07,0.75,11347.5,67,lumen,5_otsuOffset,5
32,output\processed_images\5_otsuOffset\membrane\strip_32.png,0.88,1.1363636363636365,500,440,99.625,14,7.81,6.123271889400925,6375.0,69,lumen,5_otsuOffset,6
32,output\processed_images\5_otsuOffset\membrane\strip_32.png,0.88,1.1363636363636365,500,440,99.625,14,4.05,0.6428571428571388,3060.0,79,lumen,5_otsuOffset,7
32,output\processed_images\5_otsuOffset\membrane\strip_32.png,0.88,1.1363636363636365,500,440,99.625,14,11.42,5.120300751879697,6120.0,85,lumen,5_otsuOffset,8
32,output\processed_images\5_otsuOffset\membrane\strip_32.png,0.88,1.1363636363636365,500,440,99.625,14,10.94,5.147368421052633,7650.0,99,lumen,5_otsuOffset,9
32,output\processed_images\5_otsuOffset\membrane\strip_32.png,0.88,1.1363636363636365,500,440,99.625,14,7.3,1.2000000000000028,8287.5,103,lumen,5_otsuOffset,10
32,output\processed_images\5_otsuOffset\membrane\strip_32.png,0.88,1.1363636363636365,500,440,99.625,14,6.42,0.8461538461538396,7012.5,115,lumen,5_otsuOffset,11
32,output\processed_images\5_otsuOffset\membrane\strip_32.png,0.88,1.1363636363636365,500,440,99.625,14,6.68,2.962962962962962,6375.0,118,lumen,5_otsuOffset,12
32,output\processed_images\5_otsuOffset\membrane\strip_32.png,0.88,1.1363636363636365,500,440,99.625,14,2.24,0.7142857142857082,2167.5,124,lumen,5_otsuOffset,13
33,output\processed_images\5_otsuOffset\membrane\strip_33.png,0.88,1.1363636363636365,500,440,63.820512820512825,8,2.21,0.6499999999999986,7012.5,38,lumen,5_otsuOffset,0
33,output\processed_images\5_otsuOffset\membrane\strip_33.png,0.88,1.1363636363636365,500,440,63.820512820512825,8,3.74,1.0964912280701782,6120.0,41,lumen,5_otsuOffset,1
33,output\processed_images\5_otsuOffset\membrane\strip_33.png,0.88,1.1363636363636365,500,440,63.820512820512825,8,6.06,1.9102167182662555,3570.0,45,lumen,5_otsuOffset,2
33,output\processed_images\5_otsuOffset\membrane\strip_33.png,0.88,1.1363636363636365,500,440,63.820512820512825,8,31.98,2.268749999999997,3952.5,62,lumen,5_otsuOffset,3
33,output\processed_images\5_otsuOffset\membrane\strip_33.png,0.88,1.1363636363636365,500,440,63.820512820512825,8,0.0,3.5,1912.5,75,lumen,5_otsuOffset,4
33,output\processed_images\5_otsuOffset\membrane\strip_33.png,0.88,1.1363636363636365,500,440,63.820512820512825,8,11.11,1.306818181818187,1912.5,91,lumen,5_otsuOffset,5
33,output\processed_images\5_otsuOffset\membrane\strip_33.png,0.88,1.1363636363636365,500,440,63.820512820512825,8,-11.11,0.5999999999999943,1147.5,93,lumen,5_otsuOffset,6
33,output\processed_images\5_otsuOffset\membrane\strip_33.png,0.88,1.1363636363636365,500,440,63.820512820512825,8,17.75,0.625,4462.5,98,lumen,5_otsuOffset,7
34,output\processed_images\5_otsuOffset\membrane\strip_34.png,0.88,1.1363636363636365,500,440,157.38,17,3.02,0.5526315789473699,13005.0,30,lumen,5_otsuOffset,0
34,output\processed_images\5_otsuOffset\membrane\strip_34.png,0.88,1.1363636363636365,500,440,157.38,17,2.01,0.5909090909090935,4080.0,33,lumen,5_otsuOffset,1
34,output\processed_images\5_otsuOffset\membrane\strip_34.png,0.88,1.1363636363636365,500,440,157.38,17,0.77,0.6666666666666643,1657.5,35,lumen,5_otsuOffset,2
34,output\processed_images\5_otsuOffset\membrane\strip_34.png,0.88,1.1363636363636365,500,440,157.38,17,14.43,6.392156862745104,8160.0,42,lumen,5_otsuOffset,3
34,output\processed_images\5_otsuOffset\membrane\strip_34.png,0.88,1.1363636363636365,500,440,157.38,17,13.7,6.395622895622893,7650.0,56,lumen,5_otsuOffset,4
34,output\processed_images\5_otsuOffset\membrane\strip_34.png,0.88,1.1363636363636365,500,440,157.38,17,14.99,7.307692307692307,7650.0,71,lumen,5_otsuOffset,5
34,output\processed_images\5_otsuOffset\membrane\strip_34.png,0.88,1.1363636363636365,500,440,157.38,17,13.13,5.849673202614383,6630.0,85,lumen,5_otsuOffset,6
34,output\processed_images\5_otsuOffset\membrane\strip_34.png,0.88,1.1363636363636365,500,440,157.38,17,8.96,4.237753882915172,7650.0,98,lumen,5_otsuOffset,7
34,output\processed_images\5_otsuOffset\membrane\strip_34.png,0.88,1.1363636363636365,500,440,157.38,17,3.93,0.9000000000000057,5355.0,101,lumen,5_otsuOffset,8
34,output\processed_images\5_otsuOffset\membrane\strip_34.png,0.88,1.1363636363636365,500,440,157.38,17,12.57,4.019230769230759,5992.5,111,lumen,5_otsuOffset,9
34,output\processed_images\5_otsuOffset\membrane\strip_34.png,0.88,1.1363636363636365,500,440,157.38,17,8.43,5.064102564102569,7650.0,123,lumen,5_otsuOffset,10
34,output\processed_images\5_otsuOffset\membrane\strip_34.png,0.88,1.1363636363636365,500,440,157.38,17,5.46,0.5641025641025692,12622.5,126,lumen,5_otsuOffset,11
34,output\processed_images\5_otsuOffset\membrane\strip_34.png,0.88,1.1363636363636365,500,440,157.38,17,5.18,0.7222222222222285,7905.0,135,lumen,5_otsuOffset,12
34,output\processed_images\5_otsuOffset\membrane\strip_34.png,0.88,1.1363636363636365,500,440,157.38,17,8.75,3.785714285714306,7650.0,139,lumen,5_otsuOffset,13
34,output\processed_images\5_otsuOffset\membrane\strip_34.png,0.88,1.1363636363636365,500,440,157.38,17,14.04,5.372319688109144,7650.0,151,lumen,5_otsuOffset,14
34,output\processed_images\5_otsuOffset\membrane\strip_34.png,0.88,1.1363636363636365,500,440,157.38,17,13.86,6.12820512820511,7650.0,165,lumen,5_otsuOffset,15
34,output\processed_images\5_otsuOffset\membrane\strip_34.png,0.88,1.1363636363636365,500,440,157.38,17,11.17,4.723214285714278,7650.0,179,lumen,5_otsuOffset,16
35,output\processed_images\5_otsuOffset\membrane\strip_35.png,0.88,1.1363636363636365,500,440,100.375,8,11.74,3.8014888337468946,7650.0,45,lumen,5_otsuOffset,0
35,output\processed_images\5_otsuOffset\membrane\strip_35.png,0.88,1.1363636363636365,500,440,100.375,8,13.91,4.640000000000001,6630.0,58,lumen,5_otsuOffset,1
35,output\processed_images\5_otsuOffset\membrane\strip_35.png,0.88,1.1363636363636365,500,440,100.375,8,13.88,3.0246305418719146,7650.0,73,lumen,5_otsuOffset,2
35,output\processed_images\5_otsuOffset\membrane\strip_35.png,0.88,1.1363636363636365,500,440,100.375,8,13.07,3.1382488479262634,5610.0,87,lumen,5_otsuOffset,3
35,output\processed_images\5_otsuOffset\membrane\strip_35.png,0.88,1.1363636363636365,500,440,100.375,8,14.3,4.460317460317469,5737.5,99,lumen,5_otsuOffset,4
35,output\processed_images\5_otsuOffset\membrane\strip_35.png,0.88,1.1363636363636365,500,440,100.375,8,13.73,4.01790281329923,6757.5,114,lumen,5_otsuOffset,5
35,output\processed_images\5_otsuOffset\membrane\strip_35.png,0.88,1.1363636363636365,500,440,100.375,8,5.23,0.515625,10837.5,125,lumen,5_otsuOffset,6
35,output\processed_images\5_otsuOffset\membrane\strip_35.png,0.88,1.1363636363636365,500,440,100.375,8,7.64,5.263392857142861,7650.0,128,lumen,5_otsuOffset,7
36,output\processed_images\5_otsuOffset\membrane\strip_36.png,0.88,1.1363636363636365,500,440,107.76666666666665,12,24.21,0.5119047619047592,12367.5,38,lumen,5_otsuOffset,0
36,output\processed_images\5_otsuOffset\membrane\strip_36.png,0.88,1.1363636363636365,500,440,107.76666666666665,12,0.0,3.125,2167.5,43,lumen,5_otsuOffset,1
36,output\processed_images\5_otsuOffset\membrane\strip_36.png,0.88,1.1363636363636365,500,440,107.76666666666665,12,0.0,2.0,1020.0,47,lumen,5_otsuOffset,2
36,output\processed_images\5_otsuOffset\membrane\strip_36.png,0.88,1.1363636363636365,500,440,107.76666666666665,12,0.0,3.825892857142854,2167.5,61,lumen,5_otsuOffset,3
36,output\processed_images\5_otsuOffset\membrane\strip_36.png,0.88,1.1363636363636365,500,440,107.76666666666665,12,25.27,2.142857142857139,5610.0,84,lumen,5_otsuOffset,4
36,output\processed_images\5_otsuOffset\membrane\strip_36.png,0.88,1.1363636363636365,500,440,107.76666666666665,12,5.48,1.6666666666666714,3060.0,87,lumen,5_otsuOffset,5
36,output\processed_images\5_otsuOffset\membrane\strip_36.png,0.88,1.1363636363636365,500,440,107.76666666666665,12,15.8,2.87379807692308,6247.5,100,lumen,5_otsuOffset,6
36,output\processed_images\5_otsuOffset\membrane\strip_36.png,0.88,1.1363636363636365,500,440,107.76666666666665,12,5.33,1.5625,3952.5,112,lumen,5_otsuOffset,7
36,output\processed_images\5_otsuOffset\membrane\strip_36.png,0.88,1.1363636363636365,500,440,107.76666666666665,12,8.75,3.4214285714285637,4335.0,114,lumen,5_otsuOffset,8
36,output\processed_images\5_otsuOffset\membrane\strip_36.png,0.88,1.1363636363636365,500,440,107.76666666666665,12,5.22,1.0,2677.5,126,lumen,5_otsuOffset,9
36,output\processed_images\5_otsuOffset\membrane\strip_36.png,0.88,1.1363636363636365,500,440,107.76666666666665,12,8.55,3.562500000000014,4972.5,129,lumen,5_otsuOffset,10
36,output\processed_images\5_otsuOffset\membrane\strip_36.png,0.88,1.1363636363636365,500,440,107.76666666666665,12,7.77,0.7222222222222285,10710.0,142,lumen,5_otsuOffset,11
37,output\processed_images\5_otsuOffset\membrane\strip_37.png,0.88,1.1363636363636365,500,440,106.67333333333333,10,12.12,4.239495798319329,7650.0,25,lumen,5_otsuOffset,0
37,output\processed_images\5_otsuOffset\membrane\strip_37.png,0.88,1.1363636363636365,500,440,106.67333333333333,10,15.62,6.1971428571428575,7650.0,38,lumen,5_otsuOffset,1
37,output\processed_images\5_otsuOffset\membrane\strip_37.png,0.88,1.1363636363636365,500,440,106.67333333333333,10,14.8,5.112195121951224,7650.0,55,lumen,5_otsuOffset,2
37,output\processed_images\5_otsuOffset\membrane\strip_37.png,0.88,1.1363636363636365,500,440,106.67333333333333,10,5.61,0.5999999999999943,8032.5,67,lumen,5_otsuOffset,3
37,output\processed_images\5_otsuOffset\membrane\strip_37.png,0.88,1.1363636363636365,500,440,106.67333333333333,10,4.44,5.217741935483872,7650.0,69,lumen,5_otsuOffset,4
37,output\processed_images\5_otsuOffset\membrane\strip_37.png,0.88,1.1363636363636365,500,440,106.67333333333333,10,5.73,0.5125000000000028,10072.5,73,lumen,5_otsuOffset,5
37,output\processed_images\5_otsuOffset\membrane\strip_37.png,0.88,1.1363636363636365,500,440,106.67333333333333,10,13.83,5.2777777777777715,6630.0,86,lumen,5_otsuOffset,6
37,output\processed_images\5_otsuOffset\membrane\strip_37.png,0.88,1.1363636363636365,500,440,106.67333333333333,10,7.92,6.5625,6375.0,98,lumen,5_otsuOffset,7
37,output\processed_images\5_otsuOffset\membrane\strip_37.png,0.88,1.1363636363636365,500,440,106.67333333333333,10,6.46,0.5454545454545467,11347.5,101,lumen,5_otsuOffset,8
37,output\processed_images\5_otsuOffset\membrane\strip_37.png,0.88,1.1363636363636365,500,440,106.67333333333333,10,13.52,6.361666666666665,8287.5,113,lumen,5_otsuOffset,9
38,output\processed_images\5_otsuOffset\membrane\strip_38.png,0.88,1.1363636363636365,500,440,108.80519480519482,14,0.0,1.0,765.0,38,lumen,5_otsuOffset,0
38,output\processed_images\5_otsuOffset\membrane\strip_38.png,0.88,1.1363636363636365,500,440,108.80519480519482,14,3.69,0.5555555555555571,6885.0,41,lumen,5_otsuOffset,1
38,output\processed_images\5_otsuOffset\membrane\strip_38.png,0.88,1.1363636363636365,500,440,108.80519480519482,14,8.4,3.4670329670329707,6885.0,44,lumen,5_otsuOffset,2
38,output\processed_images\5_otsuOffset\membrane\strip_38.png,0.88,1.1363636363636365,500,440,108.80519480519482,14,12.31,5.153985507246382,6757.5,57,lumen,5_otsuOffset,3
38,output\processed_images\5_otsuOffset\membrane\strip_38.png,0.88,1.1363636363636365,500,440,108.80519480519482,14,2.7,0.5999999999999943,1147.5,64,lumen,5_otsuOffset,4
38,output\processed_images\5_otsuOffset\membrane\strip_38.png,0.88,1.1363636363636365,500,440,108.80519480519482,14,8.98,5.4090909090909065,6630.0,73,lumen,5_otsuOffset,5
38,output\processed_images\5_otsuOffset\membrane\strip_38.png,0.88,1.1363636363636365,500,440,108.80519480519482,14,6.87,0.5454545454545467,11730.0,75,lumen,5_otsuOffset,6
38,output\processed_images\5_otsuOffset\membrane\strip_38.png,0.88,1.1363636363636365,500,440,108.80519480519482,14,11.15,4.338235294117652,6757.5,87,lumen,5_otsuOffset,7
38,output\processed_images\5_otsuOffset\membrane\strip_38.png,0.88,1.1363636363636365,500,440,108.80519480519482,14,3.28,0.5333333333333314,3697.5,93,lumen,5_otsuOffset,8
38,output\processed_images\5_otsuOffset\membrane\strip_38.png,0.88,1.1363636363636365,500,440,108.80519480519482,14,15.62,6.116666666666674,6120.0,102,lumen,5_otsuOffset,9
38,output\processed_images\5_otsuOffset\membrane\strip_38.png,0.88,1.1363636363636365,500,440,108.80519480519482,14,4.71,0.6458333333333286,5227.5,115,lumen,5_otsuOffset,10
38,output\processed_images\5_otsuOffset\membrane\strip_38.png,0.88,1.1363636363636365,500,440,108.80519480519482,14,9.59,3.1628352490421463,7650.0,118,lumen,5_otsuOffset,11
38,output\processed_images\5_otsuOffset\membrane\strip_38.png,0.88,1.1363636363636365,500,440,108.80519480519482,14,13.46,3.810810810810807,7650.0,132,lumen,5_otsuOffset,12
38,output\processed_images\5_otsuOffset\membrane\strip_38.png,0.88,1.1363636363636365,500,440,108.80519480519482,14,2.02,1.0,892.5,140,lumen,5_otsuOffset,13
39,output\processed_images\5_otsuOffset\membrane\strip_39.png,0.88,1.1363636363636365,500,440,65.3891891891892,4,14.01,4.757543103448278,6757.5,34,lumen,5_otsuOffset,0
39,output\processed_images\5_otsuOffset\membrane\strip_39.png,0.88,1.1363636363636365,500,440,65.3891891891892,4,15.5,4.07744107744108,7650.0,48,lumen,5_otsuOffset,1
39,output\processed_images\5_otsuOffset\membrane\strip_39.png,0.88,1.1363636363636365,500,440,65.3891891891892,4,15.04,5.401428571428568,5737.5,63,lumen,5_otsuOffset,2
39,output\processed_images\5_otsuOffset\membrane\strip_39.png,0.88,1.1363636363636365,500,440,65.3891891891892,4,13.1,5.769230769230774,5100.0,78,lumen,5_otsuOffset,3
4,output\processed_images\5_otsuOffset\membrane\strip_4.png,1.315,0.7604562737642585,200,263,157.25,14,1.7,0.7857142857142847,2550.0,37,lumen,5_otsuOffset,0
4,output\processed_images\5_otsuOffset\membrane\strip_4.png,1.315,0.7604562737642585,200,263,157.25,14,1.52,0.625,2422.5,39,lumen,5_otsuOffset,1
4,output\processed_images\5_otsuOffset\membrane\strip_4.png,1.315,0.7604562737642585,200,263,157.25,14,13.14,4.525641025641029,7650.0,42,lumen,5_otsuOffset,2
4,output\processed_images\5_otsuOffset\membrane\strip_4.png,1.315,0.7604562737642585,200,263,157.25,14,4.86,2.0,1402.5,56,lumen,5_otsuOffset,3
4,output\processed_images\5_otsuOffset\membrane\strip_4.png,1.315,0.7604562737642585,200,263,157.25,14,13.84,4.399999999999999,6757.5,63,lumen,5_otsuOffset,4
4,output\processed_images\5_otsuOffset\membrane\strip_4.png,1.315,0.7604562737642585,200,263,157.25,14,22.51,7.416666666666657,7650.0,82,lumen,5_otsuOffset,5
4,output\processed_images\5_otsuOffset\membrane\strip_4.png,1.315,0.7604562737642585,200,263,157.25,14,19.07,5.489583333333329,7650.0,104,lumen,5_otsuOffset,6
4,output\processed_images\5_otsuOffset\membrane\strip_4.png,1.315,0.7604562737642585,200,263,157.25,14,31.67,6.249230769230778,7650.0,123,lumen,5_otsuOffset,7
4,output\processed_images\5_otsuOffset\membrane\strip_4.png,1.315,0.7604562737642585,200,263,157.25,14,0.0,1.8333333333333286,510.0,129,lumen,5_otsuOffset,8
4,output\processed_images\5_otsuOffset\membrane\strip_4.png,1.315,0.7604562737642585,200,263,157.25,14,0.0,7.603174603174608,2805.0,147,lumen,5_otsuOffset,9
4,output\processed_images\5_otsuOffset\membrane\strip_4.png,1.315,0.7604562737642585,200,263,157.25,14,17.14,0.5833333333333428,1402.5,161,lumen,5_otsuOffset,10
4,output\processed_images\5_otsuOffset\membrane\strip_4.png,1.315,0.7604562737642585,200,263,157.25,14,12.06,6.570434782608686,6502.5,168,lumen,5_otsuOffset,11
4,output\processed_images\5_otsuOffset\membrane\strip_4.png,1.315,0.7604562737642585,200,263,157.25,14,8.94,5.666666666666657,13642.5,181,lumen,5_otsuOffset,12
4,output\processed_images\5_otsuOffset\membrane\strip_4.png,1.315,0.7604562737642585,200,263,157.25,14,4.34,5.666666666666657,13642.5,184,lumen,5_otsuOffset,13
47,output\processed_images\5_otsuOffset\membrane\strip_47.png,1.315,0.7604562737642585,200,263,134.4,13,6.87,0.875,9690.0,56,lumen,5_otsuOffset,0
47,output\processed_images\5_otsuOffset\membrane\strip_47.png,1.315,0.7604562737642585,200,263,134.4,13,44.86,8.186335403726709,5610.0,58,lumen,5_otsuOffset,1
47,output\processed_images\5_otsuOffset\membrane\strip_47.png,1.315,0.7604562737642585,200,263,134.4,13,0.0,2.875,637.5,67,lumen,5_otsuOffset,2
47,output\processed_images\5_otsuOffset\membrane\strip_47.png,1.315,0.7604562737642585,200,263,134.4,13,0.0,4.0,3060.0,77,lumen,5_otsuOffset,3
47,output\processed_images\5_otsuOffset\membrane\strip_47.png,1.315,0.7604562737642585,200,263,134.4,13,0.0,4.75,2295.0,93,lumen,5_otsuOffset,4
47,output\processed_images\5_otsuOffset\membrane\strip_47.png,1.315,0.7604562737642585,200,263,134.4,13,8.09,0.681818181818187,3060.0,108,lumen,5_otsuOffset,5
47,output\processed_images\5_otsuOffset\membrane\strip_47.png,1.315,0.7604562737642585,200,263,134.4,13,-8.09,6.313131313131322,1912.5,112,lumen,5_otsuOffset,6
47,output\processed_images\5_otsuOffset\membrane\strip_47.png,1.315,0.7604562737642585,200,263,134.4,13,0.0,5.0,1020.0,129,lumen,5_otsuOffset,7
47,output\processed_images\5_otsuOffset\membrane\strip_47.png,1.315,0.7604562737642585,200,263,134.4,13,61.09,3.6666666666666856,4080.0,145,lumen,5_otsuOffset,8
47,output\processed_images\5_otsuOffset\membrane\strip_47.png,1.315,0.7604562737642585,200,263,134.4,13,0.0,1.0,510.0,152,lumen,5_otsuOffset,9
47,output\processed_images\5_otsuOffset\membrane\strip_47.png,1.315,0.7604562737642585,200,263,134.4,13,0.0,4.243750000000006,2677.5,162,lumen,5_otsuOffset,10
47,output\processed_images\5_otsuOffset\membrane\strip_47.png,1.315,0.7604562737642585,200,263,134.4,13,0.0,2.0,382.5,169,lumen,5_otsuOffset,11
47,output\processed_images\5_otsuOffset\membrane\strip_47.png,1.315,0.7604562737642585,200,263,134.4,13,0.0,2.0,892.5,173,lumen,5_otsuOffset,12
51,output\processed_images\5_otsuOffset\membrane\strip_51.png,0.88,1.1363636363636365,500,440,59.16,6,22.19,4.363636363636363,6375.0,30,lumen,5_otsuOffset,0
51,output\processed_images\5_otsuOffset\membrane\strip_51.png,0.88,1.1363636363636365,500,440,59.16,6,-7.22,1.5961538461538467,2167.5,37,lumen,5_otsuOffset,1
51,output\processed_images\5_otsuOffset\membrane\strip_51.png,0.88,1.1363636363636365,500,440,59.16,6,7.22,2.2666666666666657,3060.0,40,lumen,5_otsuOffset,2
51,output\processed_images\5_otsuOffset\membrane\strip_51.png,0.88,1.1363636363636365,500,440,59.16,6,0.0,3.9649122807017534,3060.0,50,lumen,5_otsuOffset,3
51,output\processed_images\5_otsuOffset\membrane\strip_51.png,0.88,1.1363636363636365,500,440,59.16,6,22.08,3.741935483870968,6120.0,62,lumen,5_otsuOffset,4
51,output\processed_images\5_otsuOffset\membrane\strip_51.png,0.88,1.1363636363636365,500,440,59.16,6,8.94,2.5911978221415524,7012.5,74,lumen,5_otsuOffset,5
52,output\processed_images\5_otsuOffset\membrane\strip_52.png,0.88,1.1363636363636365,500,440,143.1090909090909,18,11.14,2.951315789473682,4717.5,60,lumen,5_otsuOffset,0
52,output\processed_images\5_otsuOffset\membrane\strip_52.png,0.88,1.1363636363636365,500,440,143.1090909090909,18,0.0,2.0,382.5,64,lumen,5_otsuOffset,1
52,output\processed_images\5_otsuOffset\membrane\strip_52.png,0.88,1.1363636363636365,500,440,143.1090909090909,18,3.78,0.6500000000000057,2167.5,69,lumen,5_otsuOffset,2
52,output\processed_images\5_otsuOffset\membrane\strip_52.png,0.88,1.1363636363636365,500,440,143.1090909090909,18,22.64,3.44047619047619,7650.0,72,lumen,5_otsuOffset,3
52,output\processed_images\5_otsuOffset\membrane\strip_52.png,0.88,1.1363636363636365,500,440,143.1090909090909,18,0.0,1.0,382.5,83,lumen,5_otsuOffset,4
52,output\processed_images\5_otsuOffset\membrane\strip_52.png,0.88,1.1363636363636365,500,440,143.1090909090909,18,0.0,1.0,510.0,94,lumen,5_otsuOffset,5
52,output\processed_images\5_otsuOffset\membrane\strip_52.png,0.88,1.1363636363636365,500,440,143.1090909090909,18,0.0,5.170168067226882,3442.5,100,lumen,5_otsuOffset,6
52,output\processed_images\5_otsuOffset\membrane\strip_52.png,0.88,1.1363636363636365,500,440,143.1090909090909,18,16.66,0.7199999999999989,4972.5,108,lumen,5_otsuOffset,7
52,output\processed_images\5_otsuOffset\membrane\strip_52.png,0.88,1.1363636363636365,500,440,143.1090909090909,18,13.79,2.366541353383454,6375.0,111,lumen,5_otsuOffset,8
52,output\processed_images\5_otsuOffset\membrane\strip_52.png,0.88,1.1363636363636365,500,440,143.1090909090909,18,1.23,1.971428571428575,3442.5,122,lumen,5_otsuOffset,9
52,output\processed_images\5_otsuOffset\membrane\strip_52.png,0.88,1.1363636363636365,500,440,143.1090909090909,18,-1.23,0.681818181818187,2295.0,125,lumen,5_otsuOffset,10
52,output\processed_images\5_otsuOffset\membrane\strip_52.png,0.88,1.1363636363636365,500,440,143.1090909090909,18,25.36,4.3607038123167,7650.0,135,lumen,5_otsuOffset,11
52,output\processed_images\5_otsuOffset\membrane\strip_52.png,0.88,1.1363636363636365,500,440,143.1090909090909,18,0.0,4.419117647058812,3697.5,147,lumen,5_otsuOffset,12
52,output\processed_images\5_otsuOffset\membrane\strip_52.png,0.88,1.1363636363636365,500,440,143.1090909090909,18,18.68,5.047619047619065,6630.0,160,lumen,5_otsuOffset,13
52,output\processed_images\5_otsuOffset\membrane\strip_52.png,0.88,1.1363636363636365,500,440,143.1090909090909,18,7.22,5.726220016542584,5610.0,172,lumen,5_otsuOffset,14
52,output\processed_images\5_otsuOffset\membrane\strip_52.png,0.88,1.1363636363636365,500,440,143.1090909090909,18,6.12,0.7857142857142776,9180.0,175,lumen,5_otsuOffset,15
52,output\processed_images\5_otsuOffset\membrane\strip_52.png,0.88,1.1363636363636365,500,440,143.1090909090909,18,5.81,3.835000000000008,5482.5,185,lumen,5_otsuOffset,16
52,output\processed_images\5_otsuOffset\membrane\strip_52.png,0.88,1.1363636363636365,500,440,143.1090909090909,18,4.31,0.6500000000000057,9690.0,187,lumen,5_otsuOffset,17
53,output\processed_images\5_otsuOffset\membrane\strip_53.png,1.095,0.91324200913242,200,219,91.90142857142857,12,0.0,2.0,382.5,32,lumen,5_otsuOffset,0
53,output\processed_images\5_otsuOffset\membrane\strip_53.png,1.095,0.91324200913242,200,219,91.90142857142857,12,0.0,2.0,1657.5,39,lumen,5_otsuOffset,1
53,output\processed_images\5_otsuOffset\membrane\strip_53.png,1.095,0.91324200913242,200,219,91.90142857142857,12,20.73,4.36904761904762,6757.5,54,lumen,5_otsuOffset,2
53,output\processed_images\5_otsuOffset\membrane\strip_53.png,1.095,0.91324200913242,200,219,91.90142857142857,12,7.08,4.287162162162161,6247.5,67,lumen,5_otsuOffset,3
53,output\processed_images\5_otsuOffset\membrane\strip_53.png,1.095,0.91324200913242,200,219,91.90142857142857,12,27.59,0.6666666666666714,11347.5,69,lumen,5_otsuOffset,4
53,output\processed_images\5_otsuOffset\membrane\strip_53.png,1.095,0.91324200913242,200,219,91.90142857142857,12,0.0,4.224999999999994,2677.5,83,lumen,5_otsuOffset,5
53,output\processed_images\5_otsuOffset\membrane\strip_53.png,1.095,0.91324200913242,200,219,91.90142857142857,12,0.0,1.0,765.0,96,lumen,5_otsuOffset,6
53,output\processed_images\5_otsuOffset\membrane\strip_53.png,1.095,0.91324200913242,200,219,91.90142857142857,12,0.0,1.0,1275.0,98,lumen,5_otsuOffset,7
53,output\processed_images\5_otsuOffset\membrane\strip_53.png,1.095,0.91324200913242,200,219,91.90142857142857,12,0.0,1.0,892.5,100,lumen,5_otsuOffset,8
53,output\processed_images\5_otsuOffset\membrane\strip_53.png,1.095,0.91324200913242,200,219,91.90142857142857,12,0.0,1.0,510.0,102,lumen,5_otsuOffset,9
53,output\processed_images\5_otsuOffset\membrane\strip_53.png,1.095,0.91324200913242,200,219,91.90142857142857,12,0.0,1.0,510.0,106,lumen,5_otsuOffset,10
53,output\processed_images\5_otsuOffset\membrane\strip_53.png,1.095,0.91324200913242,200,219,91.90142857142857,12,0.0,3.7698863636363598,3697.5,111,lumen,5_otsuOffset,11
54,output\processed_images\5_otsuOffset\membrane\strip_54.png,1.095,0.91324200913242,200,219,249.32142857142856,36,2.17,0.8333333333333357,2295.0,41,lumen,5_otsuOffset,0
54,output\processed_images\5_otsuOffset\membrane\strip_54.png,1.095,0.91324200913242,200,219,249.32142857142856,36,11.55,5.325757575757571,8542.5,46,lumen,5_otsuOffset,1
54,output\processed_images\5_otsuOffset\membrane\strip_54.png,1.095,0.91324200913242,200,219,249.32142857142856,36,9.8,5.4707207207207205,5227.5,57,lumen,5_otsuOffset,2
54,output\processed_images\5_otsuOffset\membrane\strip_54.png,1.095,0.91324200913242,200,219,249.32142857142856,36,3.01,1.6142857142857068,2805.0,65,lumen,5_otsuOffset,3
54,output\processed_images\5_otsuOffset\membrane\strip_54.png,1.095,0.91324200913242,200,219,249.32142857142856,36,0.0,1.0,1147.5,68,lumen,5_otsuOffset,4
54,output\processed_images\5_otsuOffset\membrane\strip_54.png,1.095,0.91324200913242,200,219,249.32142857142856,36,16.32,5.017857142857153,6502.5,76,lumen,5_otsuOffset,5
54,output\processed_images\5_otsuOffset\membrane\strip_54.png,1.095,0.91324200913242,200,219,249.32142857142856,36,12.38,5.5962732919254705,7650.0,90,lumen,5_otsuOffset,6
54,output\processed_images\5_otsuOffset\membrane\strip_54.png,1.095,0.91324200913242,200,219,249.32142857142856,36,2.14,1.98888888888888,3570.0,97,lumen,5_otsuOffset,7
54,output\processed_images\5_otsuOffset\membrane\strip_54.png,1.095,0.91324200913242,200,219,249.32142857142856,36,14.73,5.142028985507238,7650.0,104,lumen,5_otsuOffset,8
54,output\processed_images\5_otsuOffset\membrane\strip_54.png,1.095,0.91324200913242,200,219,249.32142857142856,36,0.0,1.0,382.5,114,lumen,5_otsuOffset,9
54,output\processed_images\5_otsuOffset\membrane\strip_54.png,1.095,0.91324200913242,200,219,249.32142857142856,36,13.57,5.466666666666669,6375.0,120,lumen,5_otsuOffset,10
54,output\processed_images\5_otsuOffset\membrane\strip_54.png,1.095,0.91324200913242,200,219,249.32142857142856,36,9.83,7.966666666666669,7650.0,133,lumen,5_otsuOffset,11
54,output\processed_images\5_otsuOffset\membrane\strip_54.png,1.095,0.91324200913242,200,219,249.32142857142856,36,4.64,0.5500000000000114,13642.5,136,lumen,5_otsuOffset,12
54,output\processed_images\5_otsuOffset\membrane\strip_54.png,1.095,0.91324200913242,200,219,249.32142857142856,36,1.33,2.0,1657.5,142,lumen,5_otsuOffset,13
54,output\processed_images\5_otsuOffset\membrane\strip_54.png,1.095,0.91324200913242,200,219,249.32142857142856,36,14.04,5.20065789473685,6757.5,148,lumen,5_otsuOffset,14
54,output\processed_images\5_otsuOffset\membrane\strip_54.png,1.095,0.91324200913242,200,219,249.32142857142856,36,4.1,0.6206896551724128,6502.5,158,lumen,5_otsuOffset,15
54,output\processed_images\5_otsuOffset\membrane\strip_54.png,1.095,0.91324200913242,200,219,249.32142857142856,36,9.48,4.145238095238085,6502.5,163,lumen,5_otsuOffset,16
54,output\processed_images\5_otsuOffset\membrane\strip_54.png,1.095,0.91324200913242,200,219,249.32142857142856,36,0.0,1.0,892.5,167,lumen,5_otsuOffset,17
54,output\processed_images\5_otsuOffset\membrane\strip_54.png,1.095,0.91324200913242,200,219,249.32142857142856,36,6.09,0.5416666666666572,8797.5,174,lumen,5_otsuOffset,18
54,output\processed_images\5_otsuOffset\membrane\strip_54.png,1.095,0.91324200913242,200,219,249.32142857142856,36,9.12,7.171428571428578,5737.5,177,lumen,5_otsuOffset,19
54,output\processed_images\5_otsuOffset\membrane\strip_54.png,1.095,0.91324200913242,200,219,249.32142857142856,36,0.0,1.0,892.5,186,lumen,5_otsuOffset,20
54,output\processed_images\5_otsuOffset\membrane\strip_54.png,1.095,0.91324200913242,200,219,249.32142857142856,36,15.57,7.339743589743591,5482.5,191,lumen,5_otsuOffset,21
54,output\processed_images\5_otsuOffset\membrane\strip_54.png,1.095,0.91324200913242,200,219,249.32142857142856,36,8.64,6.831578947368399,6120.0,207,lumen,5_otsuOffset,22
54,output\processed_images\5_otsuOffset\membrane\strip_54.png,1.095,0.91324200913242,200,219,249.32142857142856,36,4.35,0.6578947368421098,8415.0,209,lumen,5_otsuOffset,23
54,output\processed_images\5_otsuOffset\membrane\strip_54.png,1.095,0.91324200913242,200,219,249.32142857142856,36,7.54,6.873891625615784,6502.5,219,lumen,5_otsuOffset,24
54,output\processed_images\5_otsuOffset\membrane\strip_54.png,1.095,0.91324200913242,200,219,249.32142857142856,36,5.09,0.875,11730.0,221,lumen,5_otsuOffset,25
54,output\processed_images\5_otsuOffset\membrane\strip_54.png,1.095,0.91324200913242,200,219,249.32142857142856,36,4.65,1.0,8287.5,229,lumen,5_otsuOffset,26
54,output\processed_images\5_otsuOffset\membrane\strip_54.png,1.095,0.91324200913242,200,219,249.32142857142856,36,5.92,8.888888888888886,7650.0,233,lumen,5_otsuOffset,27
54,output\processed_images\5_otsuOffset\membrane\strip_54.png,1.095,0.91324200913242,200,219,249.32142857142856,36,6.66,0.5384615384615472,12877.5,237,lumen,5_otsuOffset,28
54,output\processed_images\5_otsuOffset\membrane\strip_54.png,1.095,0.91324200913242,200,219,249.32142857142856,36,2.38,0.5333333333333314,3697.5,244,lumen,5_otsuOffset,29
54,output\processed_images\5_otsuOffset\membrane\strip_54.png,1.095,0.91324200913242,200,219,249.32142857142856,36,13.19,8.561111111111103,7650.0,249,lumen,5_otsuOffset,30
54,output\processed_images\5_otsuOffset\membrane\strip_54.png,1.095,0.91324200913242,200,219,249.32142857142856,36,5.87,0.6875,11347.5,263,lumen,5_otsuOffset,31
54,output\processed_images\5_otsuOffset\membrane\strip_54.png,1.095,0.91324200913242,200,219,249.32142857142856,36,2.34,6.354166666666686,7777.5,265,lumen,5_otsuOffset,32
54,output\processed_images\5_otsuOffset\membrane\strip_54.png,1.095,0.91324200913242,200,219,249.32142857142856,36,5.78,0.5208333333333144,12877.5,267,lumen,5_otsuOffset,33
54,output\processed_images\5_otsuOffset\membrane\strip_54.png,1.095,0.91324200913242,200,219,249.32142857142856,36,1.87,0.875,3442.5,273,lumen,5_otsuOffset,34
54,output\processed_images\5_otsuOffset\membrane\strip_54.png,1.095,0.91324200913242,200,219,249.32142857142856,36,9.71,5.608058608058627,9817.5,280,lumen,5_otsuOffset,35
55,output\processed_images\5_otsuOffset\membrane\strip_55.png,1.095,0.91324200913242,200,219,89.30222222222221,12,17.13,0.7000000000000028,3060.0,32,lumen,5_otsuOffset,0
55,output\processed_images\5_otsuOffset\membrane\strip_55.png,1.095,0.91324200913242,200,219,89.30222222222221,12,0.0,2.8333333333333357,2550.0,37,lumen,5_otsuOffset,1
55,output\processed_images\5_otsuOffset\membrane\strip_55.png,1.095,0.91324200913242,200,219,89.30222222222221,12,0.0,1.0,510.0,41,lumen,5_otsuOffset,2
55,output\processed_images\5_otsuOffset\membrane\strip_55.png,1.095,0.91324200913242,200,219,89.30222222222221,12,0.0,2.0,510.0,44,lumen,5_otsuOffset,3
55,output\processed_images\5_otsuOffset\membrane\strip_55.png,1.095,0.91324200913242,200,219,89.30222222222221,12,0.0,3.0,2932.5,53,lumen,5_otsuOffset,4
55,output\processed_images\5_otsuOffset\membrane\strip_55.png,1.095,0.91324200913242,200,219,89.30222222222221,12,0.0,1.0,1530.0,57,lumen,5_otsuOffset,5
55,output\processed_images\5_otsuOffset\membrane\strip_55.png,1.095,0.91324200913242,200,219,89.30222222222221,12,17.57,0.6304347826087024,5865.0,65,lumen,5_otsuOffset,6
55,output\processed_images\5_otsuOffset\membrane\strip_55.png,1.095,0.91324200913242,200,219,89.30222222222221,12,8.34,4.396245059288532,4972.5,68,lumen,5_otsuOffset,7
55,output\processed_images\5_otsuOffset\membrane\strip_55.png,1.095,0.91324200913242,200,219,89.30222222222221,12,13.05,2.5833333333333286,4207.5,80,lumen,5_otsuOffset,8
55,output\processed_images\5_otsuOffset\membrane\strip_55.png,1.095,0.91324200913242,200,219,89.30222222222221,12,15.03,4.0428571428571445,4845.0,95,lumen,5_otsuOffset,9
55,output\processed_images\5_otsuOffset\membrane\strip_55.png,1.095,0.91324200913242,200,219,89.30222222222221,12,0.0,1.0,637.5,103,lumen,5_otsuOffset,10
55,output\processed_images\5_otsuOffset\membrane\strip_55.png,1.095,0.91324200913242,200,219,89.30222222222221,12,12.7,3.989974937343362,6375.0,110,lumen,5_otsuOffset,11
56,output\processed_images\5_otsuOffset\membrane\strip_56.png,1.095,0.91324200913242,200,219,76.65,8,4.11,0.8125,4462.5,41,lumen,5_otsuOffset,0
56,output\processed_images\5_otsuOffset\membrane\strip_56.png,1.095,0.91324200913242,200,219,76.65,8,34.3,2.292279411764703,3952.5,43,lumen,5_otsuOffset,1
56,output\processed_images\5_otsuOffset\membrane\strip_56.png,1.095,0.91324200913242,200,219,76.65,8,0.0,3.5375000000000014,1657.5,56,lumen,5_otsuOffset,2
56,output\processed_images\5_otsuOffset\membrane\strip_56.png,1.095,0.91324200913242,200,219,76.65,8,0.0,1.0,382.5,70,lumen,5_otsuOffset,3
56,output\processed_images\5_otsuOffset\membrane\strip_56.png,1.095,0.91324200913242,200,219,76.65,8,0.0,2.0,765.0,74,lumen,5_otsuOffset,4
56,output\processed_images\5_otsuOffset\membrane\strip_56.png,1.095,0.91324200913242,200,219,76.65,8,0.0,4.166666666666671,1785.0,85,lumen,5_otsuOffset,5
56,output\processed_images\5_otsuOffset\membrane\strip_56.png,1.095,0.91324200913242,200,219,76.65,8,26.08,2.214285714285708,3442.5,100,lumen,5_otsuOffset,6
56,output\processed_images\5_otsuOffset\membrane\strip_56.png,1.095,0.91324200913242,200,219,76.65,8,-26.08,0.6666666666666714,2422.5,103,lumen,5_otsuOffset,7
57,output\processed_images\5_otsuOffset\membrane\strip_57.png,0.88,1.1363636363636365,500,440,102.8452380952381,10,5.08,6.036004645760748,6630.0,45,lumen,5_otsuOffset,0
57,output\processed_images\5_otsuOffset\membrane\strip_57.png,0.88,1.1363636363636365,500,440,102.8452380952381,10,8.62,6.036004645760748,6630.0,47,lumen,5_otsuOffset,1
57,output\processed_images\5_otsuOffset\membrane\strip_57.png,0.88,1.1363636363636365,500,440,102.8452380952381,10,16.41,5.560640732265448,7650.0,63,lumen,5_otsuOffset,2
57,output\processed_images\5_otsuOffset\membrane\strip_57.png,0.88,1.1363636363636365,500,440,102.8452380952381,10,16.11,5.148185483870961,7650.0,79,lumen,5_otsuOffset,3
57,output\processed_images\5_otsuOffset\membrane\strip_57.png,0.88,1.1363636363636365,500,440,102.8452380952381,10,17.98,7.146853146853147,7650.0,96,lumen,5_otsuOffset,4
57,output\processed_images\5_otsuOffset\membrane\strip_57.png,0.88,1.1363636363636365,500,440,102.8452380952381,10,7.66,0.5909090909090935,11985.0,112,lumen,5_otsuOffset,5
57,output\processed_images\5_otsuOffset\membrane\strip_57.png,0.88,1.1363636363636365,500,440,102.8452380952381,10,9.76,6.4375,7650.0,115,lumen,5_otsuOffset,6
57,output\processed_images\5_otsuOffset\membrane\strip_57.png,0.88,1.1363636363636365,500,440,102.8452380952381,10,1.76,0.75,1147.5,123,lumen,5_otsuOffset,7
57,output\processed_images\5_otsuOffset\membrane\strip_57.png,0.88,1.1363636363636365,500,440,102.8452380952381,10,12.46,6.021929824561397,7650.0,131,lumen,5_otsuOffset,8
57,output\processed_images\5_otsuOffset\membrane\strip_57.png,0.88,1.1363636363636365,500,440,102.8452380952381,10,4.04,0.5909090909090935,10455.0,140,lumen,5_otsuOffset,9
60,output\processed_images\5_otsuOffset\membrane\strip_60.png,0.88,1.1363636363636365,500,440,149.03333333333333,11,11.85,2.787619047619053,7650.0,46,lumen,5_otsuOffset,0
60,output\processed_images\5_otsuOffset\membrane\strip_60.png,0.88,1.1363636363636365,500,440,149.03333333333333,11,14.59,3.7916666666666714,5992.5,61,lumen,5_otsuOffset,1
60,output\processed_images\5_otsuOffset\membrane\strip_60.png,0.88,1.1363636363636365,500,440,149.03333333333333,11,14.97,4.120780195048766,7650.0,76,lumen,5_otsuOffset,2
60,output\processed_images\5_otsuOffset\membrane\strip_60.png,0.88,1.1363636363636365,500,440,149.03333333333333,11,14.37,4.022522522522522,7650.0,90,lumen,5_otsuOffset,3
60,output\processed_images\5_otsuOffset\membrane\strip_60.png,0.88,1.1363636363636365,500,440,149.03333333333333,11,14.05,3.396103896103895,7650.0,104,lumen,5_otsuOffset,4
60,output\processed_images\5_otsuOffset\membrane\strip_60.png,0.88,1.1363636363636365,500,440,149.03333333333333,11,13.61,2.857142857142847,7650.0,118,lumen,5_otsuOffset,5
60,output\processed_images\5_otsuOffset\membrane\strip_60.png,0.88,1.1363636363636365,500,440,149.03333333333333,11,14.89,3.7953964194373384,7650.0,132,lumen,5_otsuOffset,6
60,output\processed_images\5_otsuOffset\membrane\strip_60.png,0.88,1.1363636363636365,500,440,149.03333333333333,11,14.88,4.2333333333333485,6375.0,147,lumen,5_otsuOffset,7
60,output\processed_images\5_otsuOffset\membrane\strip_60.png,0.88,1.1363636363636365,500,440,149.03333333333333,11,3.3,0.6875,1657.5,157,lumen,5_otsuOffset,8
60,output\processed_images\5_otsuOffset\membrane\strip_60.png,0.88,1.1363636363636365,500,440,149.03333333333333,11,12.88,4.8303167420814646,7650.0,162,lumen,5_otsuOffset,9
60,output\processed_images\5_otsuOffset\membrane\strip_60.png,0.88,1.1363636363636365,500,440,149.03333333333333,11,12.94,4.839743589743591,5737.5,178,lumen,5_otsuOffset,10
7,output\processed_images\5_otsuOffset\membrane\strip_7.png,1.315,0.7604562737642585,200,263,126.3452380952381,14,5.02,1.1666666666666643,5610.0,41,lumen,5_otsuOffset,0
7,output\processed_images\5_otsuOffset\membrane\strip_7.png,1.315,0.7604562737642585,200,263,126.3452380952381,14,10.48,5.771428571428572,4590.0,43,lumen,5_otsuOffset,1
7,output\processed_images\5_otsuOffset\membrane\strip_7.png,1.315,0.7604562737642585,200,263,126.3452380952381,14,0.0,1.0,510.0,53,lumen,5_otsuOffset,2
7,output\processed_images\5_otsuOffset\membrane\strip_7.png,1.315,0.7604562737642585,200,263,126.3452380952381,14,24.16,6.9649122807017605,7650.0,66,lumen,5_otsuOffset,3
7,output\processed_images\5_otsuOffset\membrane\strip_7.png,1.315,0.7604562737642585,200,263,126.3452380952381,14,0.0,1.0,637.5,80,lumen,5_otsuOffset,4
7,output\processed_images\5_otsuOffset\membrane\strip_7.png,1.315,0.7604562737642585,200,263,126.3452380952381,14,22.62,8.869281045751634,7650.0,89,lumen,5_otsuOffset,5
7,output\processed_images\5_otsuOffset\membrane\strip_7.png,1.315,0.7604562737642585,200,263,126.3452380952381,14,11.0,8.156862745098039,6247.5,107,lumen,5_otsuOffset,6
7,output\processed_images\5_otsuOffset\membrane\strip_7.png,1.315,0.7604562737642585,200,263,126.3452380952381,14,10.49,0.86666666666666,8032.5,112,lumen,5_otsuOffset,7
7,output\processed_images\5_otsuOffset\membrane\strip_7.png,1.315,0.7604562737642585,200,263,126.3452380952381,14,0.0,1.0,382.5,122,lumen,5_otsuOffset,8
7,output\processed_images\5_otsuOffset\membrane\strip_7.png,1.315,0.7604562737642585,200,263,126.3452380952381,14,19.03,4.6484848484848555,6502.5,130,lumen,5_otsuOffset,9
7,output\processed_images\5_otsuOffset\membrane\strip_7.png,1.315,0.7604562737642585,200,263,126.3452380952381,14,5.14,0.625,892.5,144,lumen,5_otsuOffset,10
7,output\processed_images\5_otsuOffset\membrane\strip_7.png,1.315,0.7604562737642585,200,263,126.3452380952381,14,5.87,3.4675925925926094,6757.5,149,lumen,5_otsuOffset,11
7,output\processed_images\5_otsuOffset\membrane\strip_7.png,1.315,0.7604562737642585,200,263,126.3452380952381,14,6.53,1.8541666666666572,6247.5,152,lumen,5_otsuOffset,12
7,output\processed_images\5_otsuOffset\membrane\strip_7.png,1.315,0.7604562737642585,200,263,126.3452380952381,14,2.61,1.0,2167.5,159,lumen,5_otsuOffset,13
8,output\processed_images\5_otsuOffset\membrane\strip_8.png,1.315,0.7604562737642585,200,263,132.7967032967033,10,7.45,1.6999999999999993,13770.0,21,lumen,5_otsuOffset,0
8,output\processed_images\5_otsuOffset\membrane\strip_8.png,1.315,0.7604562737642585,200,263,132.7967032967033,10,16.42,5.606334841628964,5227.5,32,lumen,5_otsuOffset,1
8,output\processed_images\5_otsuOffset\membrane\strip_8.png,1.315,0.7604562737642585,200,263,132.7967032967033,10,0.0,1.0,892.5,46,lumen,5_otsuOffset,2
8,output\processed_images\5_otsuOffset\membrane\strip_8.png,1.315,0.7604562737642585,200,263,132.7967032967033,10,23.33,6.464912280701753,6375.0,54,lumen,5_otsuOffset,3
8,output\processed_images\5_otsuOffset\membrane\strip_8.png,1.315,0.7604562737642585,200,263,132.7967032967033,10,34.88,9.57236842105263,7650.0,80,lumen,5_otsuOffset,4
8,output\processed_images\5_otsuOffset\membrane\strip_8.png,1.315,0.7604562737642585,200,263,132.7967032967033,10,0.46,8.169642857142861,2422.5,100,lumen,5_otsuOffset,5
8,output\processed_images\5_otsuOffset\membrane\strip_8.png,1.315,0.7604562737642585,200,263,132.7967032967033,10,-0.46,1.5625,3442.5,104,lumen,5_otsuOffset,6
8,output\processed_images\5_otsuOffset\membrane\strip_8.png,1.315,0.7604562737642585,200,263,132.7967032967033,10,0.0,1.0,510.0,115,lumen,5_otsuOffset,7
8,output\processed_images\5_otsuOffset\membrane\strip_8.png,1.315,0.7604562737642585,200,263,132.7967032967033,10,29.05,4.444444444444443,7650.0,121,lumen,5_otsuOffset,8
8,output\processed_images\5_otsuOffset\membrane\strip_8.png,1.315,0.7604562737642585,200,263,132.7967032967033,10,16.63,4.939285714285717,5992.5,140,lumen,5_otsuOffset,9
